short_VP	shortVPsing	in mins hat en is lang	in mins hat en binne lang
short_VP	shortVPsing	in mins hat en is koart	in mins hat en binne koart
short_VP	shortVPsing	in mins hat en is âld	in mins hat en binne âld
short_VP	shortVPsing	in mins hat en is jong	in mins hat en binne jong
short_VP	shortVPsing	in mins kin en is lang	in mins kin en binne lang
short_VP	shortVPsing	in mins kin en is koart	in mins kin en binne koart
short_VP	shortVPsing	in mins kin en is âld	in mins kin en binne âld
short_VP	shortVPsing	in mins kin en is jong	in mins kin en binne jong
short_VP	shortVPsing	in mins komt en is lang	in mins komt en binne lang
short_VP	shortVPsing	in mins komt en is koart	in mins komt en binne koart
short_VP	shortVPsing	in mins komt en is âld	in mins komt en binne âld
short_VP	shortVPsing	in mins komt en is jong	in mins komt en binne jong
short_VP	shortVPsing	in mins wit en is lang	in mins wit en binne lang
short_VP	shortVPsing	in mins wit en is koart	in mins wit en binne koart
short_VP	shortVPsing	in mins wit en is âld	in mins wit en binne âld
short_VP	shortVPsing	in mins wit en is jong	in mins wit en binne jong
short_VP	shortVPsing	in mins set en is lang	in mins set en binne lang
short_VP	shortVPsing	in mins set en is koart	in mins set en binne koart
short_VP	shortVPsing	in mins set en is âld	in mins set en binne âld
short_VP	shortVPsing	in mins set en is jong	in mins set en binne jong
short_VP	shortVPsing	in mins leit en is lang	in mins leit en binne lang
short_VP	shortVPsing	in mins leit en is koart	in mins leit en binne koart
short_VP	shortVPsing	in mins leit en is âld	in mins leit en binne âld
short_VP	shortVPsing	in mins leit en is jong	in mins leit en binne jong
short_VP	shortVPsing	in mins is lang en hat	in mins is lang en hawwe
short_VP	shortVPsing	in mins is lang en kin	in mins is lang en kinne
short_VP	shortVPsing	in mins is lang en komt	in mins is lang en komme
short_VP	shortVPsing	in mins is lang en wit	in mins is lang en witte
short_VP	shortVPsing	in mins is lang en set	in mins is lang en sette
short_VP	shortVPsing	in mins is lang en leit	in mins is lang en lige
short_VP	shortVPsing	in mins is koart en hat	in mins is koart en hawwe
short_VP	shortVPsing	in mins is koart en kin	in mins is koart en kinne
short_VP	shortVPsing	in mins is koart en komt	in mins is koart en komme
short_VP	shortVPsing	in mins is koart en wit	in mins is koart en witte
short_VP	shortVPsing	in mins is koart en set	in mins is koart en sette
short_VP	shortVPsing	in mins is koart en leit	in mins is koart en lige
short_VP	shortVPsing	in mins is âld en hat	in mins is âld en hawwe
short_VP	shortVPsing	in mins is âld en kin	in mins is âld en kinne
short_VP	shortVPsing	in mins is âld en komt	in mins is âld en komme
short_VP	shortVPsing	in mins is âld en wit	in mins is âld en witte
short_VP	shortVPsing	in mins is âld en set	in mins is âld en sette
short_VP	shortVPsing	in mins is âld en leit	in mins is âld en lige
short_VP	shortVPsing	in mins is jong en hat	in mins is jong en hawwe
short_VP	shortVPsing	in mins is jong en kin	in mins is jong en kinne
short_VP	shortVPsing	in mins is jong en komt	in mins is jong en komme
short_VP	shortVPsing	in mins is jong en wit	in mins is jong en witte
short_VP	shortVPsing	in mins is jong en set	in mins is jong en sette
short_VP	shortVPsing	in mins is jong en leit	in mins is jong en lige
short_VP	shortVPsing	in man hat en is lang	in man hat en binne lang
short_VP	shortVPsing	in man hat en is koart	in man hat en binne koart
short_VP	shortVPsing	in man hat en is âld	in man hat en binne âld
short_VP	shortVPsing	in man hat en is jong	in man hat en binne jong
short_VP	shortVPsing	in man kin en is lang	in man kin en binne lang
short_VP	shortVPsing	in man kin en is koart	in man kin en binne koart
short_VP	shortVPsing	in man kin en is âld	in man kin en binne âld
short_VP	shortVPsing	in man kin en is jong	in man kin en binne jong
short_VP	shortVPsing	in man komt en is lang	in man komt en binne lang
short_VP	shortVPsing	in man komt en is koart	in man komt en binne koart
short_VP	shortVPsing	in man komt en is âld	in man komt en binne âld
short_VP	shortVPsing	in man komt en is jong	in man komt en binne jong
short_VP	shortVPsing	in man wit en is lang	in man wit en binne lang
short_VP	shortVPsing	in man wit en is koart	in man wit en binne koart
short_VP	shortVPsing	in man wit en is âld	in man wit en binne âld
short_VP	shortVPsing	in man wit en is jong	in man wit en binne jong
short_VP	shortVPsing	in man set en is lang	in man set en binne lang
short_VP	shortVPsing	in man set en is koart	in man set en binne koart
short_VP	shortVPsing	in man set en is âld	in man set en binne âld
short_VP	shortVPsing	in man set en is jong	in man set en binne jong
short_VP	shortVPsing	in man leit en is lang	in man leit en binne lang
short_VP	shortVPsing	in man leit en is koart	in man leit en binne koart
short_VP	shortVPsing	in man leit en is âld	in man leit en binne âld
short_VP	shortVPsing	in man leit en is jong	in man leit en binne jong
short_VP	shortVPsing	in man is lang en hat	in man is lang en hawwe
short_VP	shortVPsing	in man is lang en kin	in man is lang en kinne
short_VP	shortVPsing	in man is lang en komt	in man is lang en komme
short_VP	shortVPsing	in man is lang en wit	in man is lang en witte
short_VP	shortVPsing	in man is lang en set	in man is lang en sette
short_VP	shortVPsing	in man is lang en leit	in man is lang en lige
short_VP	shortVPsing	in man is koart en hat	in man is koart en hawwe
short_VP	shortVPsing	in man is koart en kin	in man is koart en kinne
short_VP	shortVPsing	in man is koart en komt	in man is koart en komme
short_VP	shortVPsing	in man is koart en wit	in man is koart en witte
short_VP	shortVPsing	in man is koart en set	in man is koart en sette
short_VP	shortVPsing	in man is koart en leit	in man is koart en lige
short_VP	shortVPsing	in man is âld en hat	in man is âld en hawwe
short_VP	shortVPsing	in man is âld en kin	in man is âld en kinne
short_VP	shortVPsing	in man is âld en komt	in man is âld en komme
short_VP	shortVPsing	in man is âld en wit	in man is âld en witte
short_VP	shortVPsing	in man is âld en set	in man is âld en sette
short_VP	shortVPsing	in man is âld en leit	in man is âld en lige
short_VP	shortVPsing	in man is jong en hat	in man is jong en hawwe
short_VP	shortVPsing	in man is jong en kin	in man is jong en kinne
short_VP	shortVPsing	in man is jong en komt	in man is jong en komme
short_VP	shortVPsing	in man is jong en wit	in man is jong en witte
short_VP	shortVPsing	in man is jong en set	in man is jong en sette
short_VP	shortVPsing	in man is jong en leit	in man is jong en lige
short_VP	shortVPsing	in heit hat en is lang	in heit hat en binne lang
short_VP	shortVPsing	in heit hat en is koart	in heit hat en binne koart
short_VP	shortVPsing	in heit hat en is âld	in heit hat en binne âld
short_VP	shortVPsing	in heit hat en is jong	in heit hat en binne jong
short_VP	shortVPsing	in heit kin en is lang	in heit kin en binne lang
short_VP	shortVPsing	in heit kin en is koart	in heit kin en binne koart
short_VP	shortVPsing	in heit kin en is âld	in heit kin en binne âld
short_VP	shortVPsing	in heit kin en is jong	in heit kin en binne jong
short_VP	shortVPsing	in heit komt en is lang	in heit komt en binne lang
short_VP	shortVPsing	in heit komt en is koart	in heit komt en binne koart
short_VP	shortVPsing	in heit komt en is âld	in heit komt en binne âld
short_VP	shortVPsing	in heit komt en is jong	in heit komt en binne jong
short_VP	shortVPsing	in heit wit en is lang	in heit wit en binne lang
short_VP	shortVPsing	in heit wit en is koart	in heit wit en binne koart
short_VP	shortVPsing	in heit wit en is âld	in heit wit en binne âld
short_VP	shortVPsing	in heit wit en is jong	in heit wit en binne jong
short_VP	shortVPsing	in heit set en is lang	in heit set en binne lang
short_VP	shortVPsing	in heit set en is koart	in heit set en binne koart
short_VP	shortVPsing	in heit set en is âld	in heit set en binne âld
short_VP	shortVPsing	in heit set en is jong	in heit set en binne jong
short_VP	shortVPsing	in heit leit en is lang	in heit leit en binne lang
short_VP	shortVPsing	in heit leit en is koart	in heit leit en binne koart
short_VP	shortVPsing	in heit leit en is âld	in heit leit en binne âld
short_VP	shortVPsing	in heit leit en is jong	in heit leit en binne jong
short_VP	shortVPsing	in heit is lang en hat	in heit is lang en hawwe
short_VP	shortVPsing	in heit is lang en kin	in heit is lang en kinne
short_VP	shortVPsing	in heit is lang en komt	in heit is lang en komme
short_VP	shortVPsing	in heit is lang en wit	in heit is lang en witte
short_VP	shortVPsing	in heit is lang en set	in heit is lang en sette
short_VP	shortVPsing	in heit is lang en leit	in heit is lang en lige
short_VP	shortVPsing	in heit is koart en hat	in heit is koart en hawwe
short_VP	shortVPsing	in heit is koart en kin	in heit is koart en kinne
short_VP	shortVPsing	in heit is koart en komt	in heit is koart en komme
short_VP	shortVPsing	in heit is koart en wit	in heit is koart en witte
short_VP	shortVPsing	in heit is koart en set	in heit is koart en sette
short_VP	shortVPsing	in heit is koart en leit	in heit is koart en lige
short_VP	shortVPsing	in heit is âld en hat	in heit is âld en hawwe
short_VP	shortVPsing	in heit is âld en kin	in heit is âld en kinne
short_VP	shortVPsing	in heit is âld en komt	in heit is âld en komme
short_VP	shortVPsing	in heit is âld en wit	in heit is âld en witte
short_VP	shortVPsing	in heit is âld en set	in heit is âld en sette
short_VP	shortVPsing	in heit is âld en leit	in heit is âld en lige
short_VP	shortVPsing	in heit is jong en hat	in heit is jong en hawwe
short_VP	shortVPsing	in heit is jong en kin	in heit is jong en kinne
short_VP	shortVPsing	in heit is jong en komt	in heit is jong en komme
short_VP	shortVPsing	in heit is jong en wit	in heit is jong en witte
short_VP	shortVPsing	in heit is jong en set	in heit is jong en sette
short_VP	shortVPsing	in heit is jong en leit	in heit is jong en lige
short_VP	shortVPsing	in mem hat en is lang	in mem hat en binne lang
short_VP	shortVPsing	in mem hat en is koart	in mem hat en binne koart
short_VP	shortVPsing	in mem hat en is âld	in mem hat en binne âld
short_VP	shortVPsing	in mem hat en is jong	in mem hat en binne jong
short_VP	shortVPsing	in mem kin en is lang	in mem kin en binne lang
short_VP	shortVPsing	in mem kin en is koart	in mem kin en binne koart
short_VP	shortVPsing	in mem kin en is âld	in mem kin en binne âld
short_VP	shortVPsing	in mem kin en is jong	in mem kin en binne jong
short_VP	shortVPsing	in mem komt en is lang	in mem komt en binne lang
short_VP	shortVPsing	in mem komt en is koart	in mem komt en binne koart
short_VP	shortVPsing	in mem komt en is âld	in mem komt en binne âld
short_VP	shortVPsing	in mem komt en is jong	in mem komt en binne jong
short_VP	shortVPsing	in mem wit en is lang	in mem wit en binne lang
short_VP	shortVPsing	in mem wit en is koart	in mem wit en binne koart
short_VP	shortVPsing	in mem wit en is âld	in mem wit en binne âld
short_VP	shortVPsing	in mem wit en is jong	in mem wit en binne jong
short_VP	shortVPsing	in mem set en is lang	in mem set en binne lang
short_VP	shortVPsing	in mem set en is koart	in mem set en binne koart
short_VP	shortVPsing	in mem set en is âld	in mem set en binne âld
short_VP	shortVPsing	in mem set en is jong	in mem set en binne jong
short_VP	shortVPsing	in mem leit en is lang	in mem leit en binne lang
short_VP	shortVPsing	in mem leit en is koart	in mem leit en binne koart
short_VP	shortVPsing	in mem leit en is âld	in mem leit en binne âld
short_VP	shortVPsing	in mem leit en is jong	in mem leit en binne jong
short_VP	shortVPsing	in mem is lang en hat	in mem is lang en hawwe
short_VP	shortVPsing	in mem is lang en kin	in mem is lang en kinne
short_VP	shortVPsing	in mem is lang en komt	in mem is lang en komme
short_VP	shortVPsing	in mem is lang en wit	in mem is lang en witte
short_VP	shortVPsing	in mem is lang en set	in mem is lang en sette
short_VP	shortVPsing	in mem is lang en leit	in mem is lang en lige
short_VP	shortVPsing	in mem is koart en hat	in mem is koart en hawwe
short_VP	shortVPsing	in mem is koart en kin	in mem is koart en kinne
short_VP	shortVPsing	in mem is koart en komt	in mem is koart en komme
short_VP	shortVPsing	in mem is koart en wit	in mem is koart en witte
short_VP	shortVPsing	in mem is koart en set	in mem is koart en sette
short_VP	shortVPsing	in mem is koart en leit	in mem is koart en lige
short_VP	shortVPsing	in mem is âld en hat	in mem is âld en hawwe
short_VP	shortVPsing	in mem is âld en kin	in mem is âld en kinne
short_VP	shortVPsing	in mem is âld en komt	in mem is âld en komme
short_VP	shortVPsing	in mem is âld en wit	in mem is âld en witte
short_VP	shortVPsing	in mem is âld en set	in mem is âld en sette
short_VP	shortVPsing	in mem is âld en leit	in mem is âld en lige
short_VP	shortVPsing	in mem is jong en hat	in mem is jong en hawwe
short_VP	shortVPsing	in mem is jong en kin	in mem is jong en kinne
short_VP	shortVPsing	in mem is jong en komt	in mem is jong en komme
short_VP	shortVPsing	in mem is jong en wit	in mem is jong en witte
short_VP	shortVPsing	in mem is jong en set	in mem is jong en sette
short_VP	shortVPsing	in mem is jong en leit	in mem is jong en lige
short_VP	shortVPsing	in frou hat en is lang	in frou hat en binne lang
short_VP	shortVPsing	in frou hat en is koart	in frou hat en binne koart
short_VP	shortVPsing	in frou hat en is âld	in frou hat en binne âld
short_VP	shortVPsing	in frou hat en is jong	in frou hat en binne jong
short_VP	shortVPsing	in frou kin en is lang	in frou kin en binne lang
short_VP	shortVPsing	in frou kin en is koart	in frou kin en binne koart
short_VP	shortVPsing	in frou kin en is âld	in frou kin en binne âld
short_VP	shortVPsing	in frou kin en is jong	in frou kin en binne jong
short_VP	shortVPsing	in frou komt en is lang	in frou komt en binne lang
short_VP	shortVPsing	in frou komt en is koart	in frou komt en binne koart
short_VP	shortVPsing	in frou komt en is âld	in frou komt en binne âld
short_VP	shortVPsing	in frou komt en is jong	in frou komt en binne jong
short_VP	shortVPsing	in frou wit en is lang	in frou wit en binne lang
short_VP	shortVPsing	in frou wit en is koart	in frou wit en binne koart
short_VP	shortVPsing	in frou wit en is âld	in frou wit en binne âld
short_VP	shortVPsing	in frou wit en is jong	in frou wit en binne jong
short_VP	shortVPsing	in frou set en is lang	in frou set en binne lang
short_VP	shortVPsing	in frou set en is koart	in frou set en binne koart
short_VP	shortVPsing	in frou set en is âld	in frou set en binne âld
short_VP	shortVPsing	in frou set en is jong	in frou set en binne jong
short_VP	shortVPsing	in frou leit en is lang	in frou leit en binne lang
short_VP	shortVPsing	in frou leit en is koart	in frou leit en binne koart
short_VP	shortVPsing	in frou leit en is âld	in frou leit en binne âld
short_VP	shortVPsing	in frou leit en is jong	in frou leit en binne jong
short_VP	shortVPsing	in frou is lang en hat	in frou is lang en hawwe
short_VP	shortVPsing	in frou is lang en kin	in frou is lang en kinne
short_VP	shortVPsing	in frou is lang en komt	in frou is lang en komme
short_VP	shortVPsing	in frou is lang en wit	in frou is lang en witte
short_VP	shortVPsing	in frou is lang en set	in frou is lang en sette
short_VP	shortVPsing	in frou is lang en leit	in frou is lang en lige
short_VP	shortVPsing	in frou is koart en hat	in frou is koart en hawwe
short_VP	shortVPsing	in frou is koart en kin	in frou is koart en kinne
short_VP	shortVPsing	in frou is koart en komt	in frou is koart en komme
short_VP	shortVPsing	in frou is koart en wit	in frou is koart en witte
short_VP	shortVPsing	in frou is koart en set	in frou is koart en sette
short_VP	shortVPsing	in frou is koart en leit	in frou is koart en lige
short_VP	shortVPsing	in frou is âld en hat	in frou is âld en hawwe
short_VP	shortVPsing	in frou is âld en kin	in frou is âld en kinne
short_VP	shortVPsing	in frou is âld en komt	in frou is âld en komme
short_VP	shortVPsing	in frou is âld en wit	in frou is âld en witte
short_VP	shortVPsing	in frou is âld en set	in frou is âld en sette
short_VP	shortVPsing	in frou is âld en leit	in frou is âld en lige
short_VP	shortVPsing	in frou is jong en hat	in frou is jong en hawwe
short_VP	shortVPsing	in frou is jong en kin	in frou is jong en kinne
short_VP	shortVPsing	in frou is jong en komt	in frou is jong en komme
short_VP	shortVPsing	in frou is jong en wit	in frou is jong en witte
short_VP	shortVPsing	in frou is jong en set	in frou is jong en sette
short_VP	shortVPsing	in frou is jong en leit	in frou is jong en lige
short_VP	shortVPsing	in plysje hat en is lang	in plysje hat en binne lang
short_VP	shortVPsing	in plysje hat en is koart	in plysje hat en binne koart
short_VP	shortVPsing	in plysje hat en is âld	in plysje hat en binne âld
short_VP	shortVPsing	in plysje hat en is jong	in plysje hat en binne jong
short_VP	shortVPsing	in plysje kin en is lang	in plysje kin en binne lang
short_VP	shortVPsing	in plysje kin en is koart	in plysje kin en binne koart
short_VP	shortVPsing	in plysje kin en is âld	in plysje kin en binne âld
short_VP	shortVPsing	in plysje kin en is jong	in plysje kin en binne jong
short_VP	shortVPsing	in plysje komt en is lang	in plysje komt en binne lang
short_VP	shortVPsing	in plysje komt en is koart	in plysje komt en binne koart
short_VP	shortVPsing	in plysje komt en is âld	in plysje komt en binne âld
short_VP	shortVPsing	in plysje komt en is jong	in plysje komt en binne jong
short_VP	shortVPsing	in plysje wit en is lang	in plysje wit en binne lang
short_VP	shortVPsing	in plysje wit en is koart	in plysje wit en binne koart
short_VP	shortVPsing	in plysje wit en is âld	in plysje wit en binne âld
short_VP	shortVPsing	in plysje wit en is jong	in plysje wit en binne jong
short_VP	shortVPsing	in plysje set en is lang	in plysje set en binne lang
short_VP	shortVPsing	in plysje set en is koart	in plysje set en binne koart
short_VP	shortVPsing	in plysje set en is âld	in plysje set en binne âld
short_VP	shortVPsing	in plysje set en is jong	in plysje set en binne jong
short_VP	shortVPsing	in plysje leit en is lang	in plysje leit en binne lang
short_VP	shortVPsing	in plysje leit en is koart	in plysje leit en binne koart
short_VP	shortVPsing	in plysje leit en is âld	in plysje leit en binne âld
short_VP	shortVPsing	in plysje leit en is jong	in plysje leit en binne jong
short_VP	shortVPsing	in plysje is lang en hat	in plysje is lang en hawwe
short_VP	shortVPsing	in plysje is lang en kin	in plysje is lang en kinne
short_VP	shortVPsing	in plysje is lang en komt	in plysje is lang en komme
short_VP	shortVPsing	in plysje is lang en wit	in plysje is lang en witte
short_VP	shortVPsing	in plysje is lang en set	in plysje is lang en sette
short_VP	shortVPsing	in plysje is lang en leit	in plysje is lang en lige
short_VP	shortVPsing	in plysje is koart en hat	in plysje is koart en hawwe
short_VP	shortVPsing	in plysje is koart en kin	in plysje is koart en kinne
short_VP	shortVPsing	in plysje is koart en komt	in plysje is koart en komme
short_VP	shortVPsing	in plysje is koart en wit	in plysje is koart en witte
short_VP	shortVPsing	in plysje is koart en set	in plysje is koart en sette
short_VP	shortVPsing	in plysje is koart en leit	in plysje is koart en lige
short_VP	shortVPsing	in plysje is âld en hat	in plysje is âld en hawwe
short_VP	shortVPsing	in plysje is âld en kin	in plysje is âld en kinne
short_VP	shortVPsing	in plysje is âld en komt	in plysje is âld en komme
short_VP	shortVPsing	in plysje is âld en wit	in plysje is âld en witte
short_VP	shortVPsing	in plysje is âld en set	in plysje is âld en sette
short_VP	shortVPsing	in plysje is âld en leit	in plysje is âld en lige
short_VP	shortVPsing	in plysje is jong en hat	in plysje is jong en hawwe
short_VP	shortVPsing	in plysje is jong en kin	in plysje is jong en kinne
short_VP	shortVPsing	in plysje is jong en komt	in plysje is jong en komme
short_VP	shortVPsing	in plysje is jong en wit	in plysje is jong en witte
short_VP	shortVPsing	in plysje is jong en set	in plysje is jong en sette
short_VP	shortVPsing	in plysje is jong en leit	in plysje is jong en lige
short_VP	shortVPsing	in famke hat en is lang	in famke hat en binne lang
short_VP	shortVPsing	in famke hat en is koart	in famke hat en binne koart
short_VP	shortVPsing	in famke hat en is âld	in famke hat en binne âld
short_VP	shortVPsing	in famke hat en is jong	in famke hat en binne jong
short_VP	shortVPsing	in famke kin en is lang	in famke kin en binne lang
short_VP	shortVPsing	in famke kin en is koart	in famke kin en binne koart
short_VP	shortVPsing	in famke kin en is âld	in famke kin en binne âld
short_VP	shortVPsing	in famke kin en is jong	in famke kin en binne jong
short_VP	shortVPsing	in famke komt en is lang	in famke komt en binne lang
short_VP	shortVPsing	in famke komt en is koart	in famke komt en binne koart
short_VP	shortVPsing	in famke komt en is âld	in famke komt en binne âld
short_VP	shortVPsing	in famke komt en is jong	in famke komt en binne jong
short_VP	shortVPsing	in famke wit en is lang	in famke wit en binne lang
short_VP	shortVPsing	in famke wit en is koart	in famke wit en binne koart
short_VP	shortVPsing	in famke wit en is âld	in famke wit en binne âld
short_VP	shortVPsing	in famke wit en is jong	in famke wit en binne jong
short_VP	shortVPsing	in famke set en is lang	in famke set en binne lang
short_VP	shortVPsing	in famke set en is koart	in famke set en binne koart
short_VP	shortVPsing	in famke set en is âld	in famke set en binne âld
short_VP	shortVPsing	in famke set en is jong	in famke set en binne jong
short_VP	shortVPsing	in famke leit en is lang	in famke leit en binne lang
short_VP	shortVPsing	in famke leit en is koart	in famke leit en binne koart
short_VP	shortVPsing	in famke leit en is âld	in famke leit en binne âld
short_VP	shortVPsing	in famke leit en is jong	in famke leit en binne jong
short_VP	shortVPsing	in famke is lang en hat	in famke is lang en hawwe
short_VP	shortVPsing	in famke is lang en kin	in famke is lang en kinne
short_VP	shortVPsing	in famke is lang en komt	in famke is lang en komme
short_VP	shortVPsing	in famke is lang en wit	in famke is lang en witte
short_VP	shortVPsing	in famke is lang en set	in famke is lang en sette
short_VP	shortVPsing	in famke is lang en leit	in famke is lang en lige
short_VP	shortVPsing	in famke is koart en hat	in famke is koart en hawwe
short_VP	shortVPsing	in famke is koart en kin	in famke is koart en kinne
short_VP	shortVPsing	in famke is koart en komt	in famke is koart en komme
short_VP	shortVPsing	in famke is koart en wit	in famke is koart en witte
short_VP	shortVPsing	in famke is koart en set	in famke is koart en sette
short_VP	shortVPsing	in famke is koart en leit	in famke is koart en lige
short_VP	shortVPsing	in famke is âld en hat	in famke is âld en hawwe
short_VP	shortVPsing	in famke is âld en kin	in famke is âld en kinne
short_VP	shortVPsing	in famke is âld en komt	in famke is âld en komme
short_VP	shortVPsing	in famke is âld en wit	in famke is âld en witte
short_VP	shortVPsing	in famke is âld en set	in famke is âld en sette
short_VP	shortVPsing	in famke is âld en leit	in famke is âld en lige
short_VP	shortVPsing	in famke is jong en hat	in famke is jong en hawwe
short_VP	shortVPsing	in famke is jong en kin	in famke is jong en kinne
short_VP	shortVPsing	in famke is jong en komt	in famke is jong en komme
short_VP	shortVPsing	in famke is jong en wit	in famke is jong en witte
short_VP	shortVPsing	in famke is jong en set	in famke is jong en sette
short_VP	shortVPsing	in famke is jong en leit	in famke is jong en lige
short_VP	shortVPsing	in jonge hat en is lang	in jonge hat en binne lang
short_VP	shortVPsing	in jonge hat en is koart	in jonge hat en binne koart
short_VP	shortVPsing	in jonge hat en is âld	in jonge hat en binne âld
short_VP	shortVPsing	in jonge hat en is jong	in jonge hat en binne jong
short_VP	shortVPsing	in jonge kin en is lang	in jonge kin en binne lang
short_VP	shortVPsing	in jonge kin en is koart	in jonge kin en binne koart
short_VP	shortVPsing	in jonge kin en is âld	in jonge kin en binne âld
short_VP	shortVPsing	in jonge kin en is jong	in jonge kin en binne jong
short_VP	shortVPsing	in jonge komt en is lang	in jonge komt en binne lang
short_VP	shortVPsing	in jonge komt en is koart	in jonge komt en binne koart
short_VP	shortVPsing	in jonge komt en is âld	in jonge komt en binne âld
short_VP	shortVPsing	in jonge komt en is jong	in jonge komt en binne jong
short_VP	shortVPsing	in jonge wit en is lang	in jonge wit en binne lang
short_VP	shortVPsing	in jonge wit en is koart	in jonge wit en binne koart
short_VP	shortVPsing	in jonge wit en is âld	in jonge wit en binne âld
short_VP	shortVPsing	in jonge wit en is jong	in jonge wit en binne jong
short_VP	shortVPsing	in jonge set en is lang	in jonge set en binne lang
short_VP	shortVPsing	in jonge set en is koart	in jonge set en binne koart
short_VP	shortVPsing	in jonge set en is âld	in jonge set en binne âld
short_VP	shortVPsing	in jonge set en is jong	in jonge set en binne jong
short_VP	shortVPsing	in jonge leit en is lang	in jonge leit en binne lang
short_VP	shortVPsing	in jonge leit en is koart	in jonge leit en binne koart
short_VP	shortVPsing	in jonge leit en is âld	in jonge leit en binne âld
short_VP	shortVPsing	in jonge leit en is jong	in jonge leit en binne jong
short_VP	shortVPsing	in jonge is lang en hat	in jonge is lang en hawwe
short_VP	shortVPsing	in jonge is lang en kin	in jonge is lang en kinne
short_VP	shortVPsing	in jonge is lang en komt	in jonge is lang en komme
short_VP	shortVPsing	in jonge is lang en wit	in jonge is lang en witte
short_VP	shortVPsing	in jonge is lang en set	in jonge is lang en sette
short_VP	shortVPsing	in jonge is lang en leit	in jonge is lang en lige
short_VP	shortVPsing	in jonge is koart en hat	in jonge is koart en hawwe
short_VP	shortVPsing	in jonge is koart en kin	in jonge is koart en kinne
short_VP	shortVPsing	in jonge is koart en komt	in jonge is koart en komme
short_VP	shortVPsing	in jonge is koart en wit	in jonge is koart en witte
short_VP	shortVPsing	in jonge is koart en set	in jonge is koart en sette
short_VP	shortVPsing	in jonge is koart en leit	in jonge is koart en lige
short_VP	shortVPsing	in jonge is âld en hat	in jonge is âld en hawwe
short_VP	shortVPsing	in jonge is âld en kin	in jonge is âld en kinne
short_VP	shortVPsing	in jonge is âld en komt	in jonge is âld en komme
short_VP	shortVPsing	in jonge is âld en wit	in jonge is âld en witte
short_VP	shortVPsing	in jonge is âld en set	in jonge is âld en sette
short_VP	shortVPsing	in jonge is âld en leit	in jonge is âld en lige
short_VP	shortVPsing	in jonge is jong en hat	in jonge is jong en hawwe
short_VP	shortVPsing	in jonge is jong en kin	in jonge is jong en kinne
short_VP	shortVPsing	in jonge is jong en komt	in jonge is jong en komme
short_VP	shortVPsing	in jonge is jong en wit	in jonge is jong en witte
short_VP	shortVPsing	in jonge is jong en set	in jonge is jong en sette
short_VP	shortVPsing	in jonge is jong en leit	in jonge is jong en lige
short_VP	shortVPsing	in kening hat en is lang	in kening hat en binne lang
short_VP	shortVPsing	in kening hat en is koart	in kening hat en binne koart
short_VP	shortVPsing	in kening hat en is âld	in kening hat en binne âld
short_VP	shortVPsing	in kening hat en is jong	in kening hat en binne jong
short_VP	shortVPsing	in kening kin en is lang	in kening kin en binne lang
short_VP	shortVPsing	in kening kin en is koart	in kening kin en binne koart
short_VP	shortVPsing	in kening kin en is âld	in kening kin en binne âld
short_VP	shortVPsing	in kening kin en is jong	in kening kin en binne jong
short_VP	shortVPsing	in kening komt en is lang	in kening komt en binne lang
short_VP	shortVPsing	in kening komt en is koart	in kening komt en binne koart
short_VP	shortVPsing	in kening komt en is âld	in kening komt en binne âld
short_VP	shortVPsing	in kening komt en is jong	in kening komt en binne jong
short_VP	shortVPsing	in kening wit en is lang	in kening wit en binne lang
short_VP	shortVPsing	in kening wit en is koart	in kening wit en binne koart
short_VP	shortVPsing	in kening wit en is âld	in kening wit en binne âld
short_VP	shortVPsing	in kening wit en is jong	in kening wit en binne jong
short_VP	shortVPsing	in kening set en is lang	in kening set en binne lang
short_VP	shortVPsing	in kening set en is koart	in kening set en binne koart
short_VP	shortVPsing	in kening set en is âld	in kening set en binne âld
short_VP	shortVPsing	in kening set en is jong	in kening set en binne jong
short_VP	shortVPsing	in kening leit en is lang	in kening leit en binne lang
short_VP	shortVPsing	in kening leit en is koart	in kening leit en binne koart
short_VP	shortVPsing	in kening leit en is âld	in kening leit en binne âld
short_VP	shortVPsing	in kening leit en is jong	in kening leit en binne jong
short_VP	shortVPsing	in kening is lang en hat	in kening is lang en hawwe
short_VP	shortVPsing	in kening is lang en kin	in kening is lang en kinne
short_VP	shortVPsing	in kening is lang en komt	in kening is lang en komme
short_VP	shortVPsing	in kening is lang en wit	in kening is lang en witte
short_VP	shortVPsing	in kening is lang en set	in kening is lang en sette
short_VP	shortVPsing	in kening is lang en leit	in kening is lang en lige
short_VP	shortVPsing	in kening is koart en hat	in kening is koart en hawwe
short_VP	shortVPsing	in kening is koart en kin	in kening is koart en kinne
short_VP	shortVPsing	in kening is koart en komt	in kening is koart en komme
short_VP	shortVPsing	in kening is koart en wit	in kening is koart en witte
short_VP	shortVPsing	in kening is koart en set	in kening is koart en sette
short_VP	shortVPsing	in kening is koart en leit	in kening is koart en lige
short_VP	shortVPsing	in kening is âld en hat	in kening is âld en hawwe
short_VP	shortVPsing	in kening is âld en kin	in kening is âld en kinne
short_VP	shortVPsing	in kening is âld en komt	in kening is âld en komme
short_VP	shortVPsing	in kening is âld en wit	in kening is âld en witte
short_VP	shortVPsing	in kening is âld en set	in kening is âld en sette
short_VP	shortVPsing	in kening is âld en leit	in kening is âld en lige
short_VP	shortVPsing	in kening is jong en hat	in kening is jong en hawwe
short_VP	shortVPsing	in kening is jong en kin	in kening is jong en kinne
short_VP	shortVPsing	in kening is jong en komt	in kening is jong en komme
short_VP	shortVPsing	in kening is jong en wit	in kening is jong en witte
short_VP	shortVPsing	in kening is jong en set	in kening is jong en sette
short_VP	shortVPsing	in kening is jong en leit	in kening is jong en lige
short_VP	shortVPplur	de minsken hawwe en binne lang	de minsken hawwe en is lang
short_VP	shortVPplur	de minsken hawwe en binne koart	de minsken hawwe en is koart
short_VP	shortVPplur	de minsken hawwe en binne âld	de minsken hawwe en is âld
short_VP	shortVPplur	de minsken hawwe en binne jong	de minsken hawwe en is jong
short_VP	shortVPplur	de minsken kinne en binne lang	de minsken kinne en is lang
short_VP	shortVPplur	de minsken kinne en binne koart	de minsken kinne en is koart
short_VP	shortVPplur	de minsken kinne en binne âld	de minsken kinne en is âld
short_VP	shortVPplur	de minsken kinne en binne jong	de minsken kinne en is jong
short_VP	shortVPplur	de minsken komme en binne lang	de minsken komme en is lang
short_VP	shortVPplur	de minsken komme en binne koart	de minsken komme en is koart
short_VP	shortVPplur	de minsken komme en binne âld	de minsken komme en is âld
short_VP	shortVPplur	de minsken komme en binne jong	de minsken komme en is jong
short_VP	shortVPplur	de minsken witte en binne lang	de minsken witte en is lang
short_VP	shortVPplur	de minsken witte en binne koart	de minsken witte en is koart
short_VP	shortVPplur	de minsken witte en binne âld	de minsken witte en is âld
short_VP	shortVPplur	de minsken witte en binne jong	de minsken witte en is jong
short_VP	shortVPplur	de minsken sette en binne lang	de minsken sette en is lang
short_VP	shortVPplur	de minsken sette en binne koart	de minsken sette en is koart
short_VP	shortVPplur	de minsken sette en binne âld	de minsken sette en is âld
short_VP	shortVPplur	de minsken sette en binne jong	de minsken sette en is jong
short_VP	shortVPplur	de minsken lige en binne lang	de minsken lige en is lang
short_VP	shortVPplur	de minsken lige en binne koart	de minsken lige en is koart
short_VP	shortVPplur	de minsken lige en binne âld	de minsken lige en is âld
short_VP	shortVPplur	de minsken lige en binne jong	de minsken lige en is jong
short_VP	shortVPplur	de minsken binne lang en hawwe	de minsken binne lang en hat
short_VP	shortVPplur	de minsken binne lang en kinne	de minsken binne lang en kin
short_VP	shortVPplur	de minsken binne lang en komme	de minsken binne lang en komt
short_VP	shortVPplur	de minsken binne lang en witte	de minsken binne lang en wit
short_VP	shortVPplur	de minsken binne lang en sette	de minsken binne lang en set
short_VP	shortVPplur	de minsken binne lang en lige	de minsken binne lang en leit
short_VP	shortVPplur	de minsken binne koart en hawwe	de minsken binne koart en hat
short_VP	shortVPplur	de minsken binne koart en kinne	de minsken binne koart en kin
short_VP	shortVPplur	de minsken binne koart en komme	de minsken binne koart en komt
short_VP	shortVPplur	de minsken binne koart en witte	de minsken binne koart en wit
short_VP	shortVPplur	de minsken binne koart en sette	de minsken binne koart en set
short_VP	shortVPplur	de minsken binne koart en lige	de minsken binne koart en leit
short_VP	shortVPplur	de minsken binne âld en hawwe	de minsken binne âld en hat
short_VP	shortVPplur	de minsken binne âld en kinne	de minsken binne âld en kin
short_VP	shortVPplur	de minsken binne âld en komme	de minsken binne âld en komt
short_VP	shortVPplur	de minsken binne âld en witte	de minsken binne âld en wit
short_VP	shortVPplur	de minsken binne âld en sette	de minsken binne âld en set
short_VP	shortVPplur	de minsken binne âld en lige	de minsken binne âld en leit
short_VP	shortVPplur	de minsken binne jong en hawwe	de minsken binne jong en hat
short_VP	shortVPplur	de minsken binne jong en kinne	de minsken binne jong en kin
short_VP	shortVPplur	de minsken binne jong en komme	de minsken binne jong en komt
short_VP	shortVPplur	de minsken binne jong en witte	de minsken binne jong en wit
short_VP	shortVPplur	de minsken binne jong en sette	de minsken binne jong en set
short_VP	shortVPplur	de minsken binne jong en lige	de minsken binne jong en leit
short_VP	shortVPplur	de manlju hawwe en binne lang	de manlju hawwe en is lang
short_VP	shortVPplur	de manlju hawwe en binne koart	de manlju hawwe en is koart
short_VP	shortVPplur	de manlju hawwe en binne âld	de manlju hawwe en is âld
short_VP	shortVPplur	de manlju hawwe en binne jong	de manlju hawwe en is jong
short_VP	shortVPplur	de manlju kinne en binne lang	de manlju kinne en is lang
short_VP	shortVPplur	de manlju kinne en binne koart	de manlju kinne en is koart
short_VP	shortVPplur	de manlju kinne en binne âld	de manlju kinne en is âld
short_VP	shortVPplur	de manlju kinne en binne jong	de manlju kinne en is jong
short_VP	shortVPplur	de manlju komme en binne lang	de manlju komme en is lang
short_VP	shortVPplur	de manlju komme en binne koart	de manlju komme en is koart
short_VP	shortVPplur	de manlju komme en binne âld	de manlju komme en is âld
short_VP	shortVPplur	de manlju komme en binne jong	de manlju komme en is jong
short_VP	shortVPplur	de manlju witte en binne lang	de manlju witte en is lang
short_VP	shortVPplur	de manlju witte en binne koart	de manlju witte en is koart
short_VP	shortVPplur	de manlju witte en binne âld	de manlju witte en is âld
short_VP	shortVPplur	de manlju witte en binne jong	de manlju witte en is jong
short_VP	shortVPplur	de manlju sette en binne lang	de manlju sette en is lang
short_VP	shortVPplur	de manlju sette en binne koart	de manlju sette en is koart
short_VP	shortVPplur	de manlju sette en binne âld	de manlju sette en is âld
short_VP	shortVPplur	de manlju sette en binne jong	de manlju sette en is jong
short_VP	shortVPplur	de manlju lige en binne lang	de manlju lige en is lang
short_VP	shortVPplur	de manlju lige en binne koart	de manlju lige en is koart
short_VP	shortVPplur	de manlju lige en binne âld	de manlju lige en is âld
short_VP	shortVPplur	de manlju lige en binne jong	de manlju lige en is jong
short_VP	shortVPplur	de manlju binne lang en hawwe	de manlju binne lang en hat
short_VP	shortVPplur	de manlju binne lang en kinne	de manlju binne lang en kin
short_VP	shortVPplur	de manlju binne lang en komme	de manlju binne lang en komt
short_VP	shortVPplur	de manlju binne lang en witte	de manlju binne lang en wit
short_VP	shortVPplur	de manlju binne lang en sette	de manlju binne lang en set
short_VP	shortVPplur	de manlju binne lang en lige	de manlju binne lang en leit
short_VP	shortVPplur	de manlju binne koart en hawwe	de manlju binne koart en hat
short_VP	shortVPplur	de manlju binne koart en kinne	de manlju binne koart en kin
short_VP	shortVPplur	de manlju binne koart en komme	de manlju binne koart en komt
short_VP	shortVPplur	de manlju binne koart en witte	de manlju binne koart en wit
short_VP	shortVPplur	de manlju binne koart en sette	de manlju binne koart en set
short_VP	shortVPplur	de manlju binne koart en lige	de manlju binne koart en leit
short_VP	shortVPplur	de manlju binne âld en hawwe	de manlju binne âld en hat
short_VP	shortVPplur	de manlju binne âld en kinne	de manlju binne âld en kin
short_VP	shortVPplur	de manlju binne âld en komme	de manlju binne âld en komt
short_VP	shortVPplur	de manlju binne âld en witte	de manlju binne âld en wit
short_VP	shortVPplur	de manlju binne âld en sette	de manlju binne âld en set
short_VP	shortVPplur	de manlju binne âld en lige	de manlju binne âld en leit
short_VP	shortVPplur	de manlju binne jong en hawwe	de manlju binne jong en hat
short_VP	shortVPplur	de manlju binne jong en kinne	de manlju binne jong en kin
short_VP	shortVPplur	de manlju binne jong en komme	de manlju binne jong en komt
short_VP	shortVPplur	de manlju binne jong en witte	de manlju binne jong en wit
short_VP	shortVPplur	de manlju binne jong en sette	de manlju binne jong en set
short_VP	shortVPplur	de manlju binne jong en lige	de manlju binne jong en leit
short_VP	shortVPplur	de heiten hawwe en binne lang	de heiten hawwe en is lang
short_VP	shortVPplur	de heiten hawwe en binne koart	de heiten hawwe en is koart
short_VP	shortVPplur	de heiten hawwe en binne âld	de heiten hawwe en is âld
short_VP	shortVPplur	de heiten hawwe en binne jong	de heiten hawwe en is jong
short_VP	shortVPplur	de heiten kinne en binne lang	de heiten kinne en is lang
short_VP	shortVPplur	de heiten kinne en binne koart	de heiten kinne en is koart
short_VP	shortVPplur	de heiten kinne en binne âld	de heiten kinne en is âld
short_VP	shortVPplur	de heiten kinne en binne jong	de heiten kinne en is jong
short_VP	shortVPplur	de heiten komme en binne lang	de heiten komme en is lang
short_VP	shortVPplur	de heiten komme en binne koart	de heiten komme en is koart
short_VP	shortVPplur	de heiten komme en binne âld	de heiten komme en is âld
short_VP	shortVPplur	de heiten komme en binne jong	de heiten komme en is jong
short_VP	shortVPplur	de heiten witte en binne lang	de heiten witte en is lang
short_VP	shortVPplur	de heiten witte en binne koart	de heiten witte en is koart
short_VP	shortVPplur	de heiten witte en binne âld	de heiten witte en is âld
short_VP	shortVPplur	de heiten witte en binne jong	de heiten witte en is jong
short_VP	shortVPplur	de heiten sette en binne lang	de heiten sette en is lang
short_VP	shortVPplur	de heiten sette en binne koart	de heiten sette en is koart
short_VP	shortVPplur	de heiten sette en binne âld	de heiten sette en is âld
short_VP	shortVPplur	de heiten sette en binne jong	de heiten sette en is jong
short_VP	shortVPplur	de heiten lige en binne lang	de heiten lige en is lang
short_VP	shortVPplur	de heiten lige en binne koart	de heiten lige en is koart
short_VP	shortVPplur	de heiten lige en binne âld	de heiten lige en is âld
short_VP	shortVPplur	de heiten lige en binne jong	de heiten lige en is jong
short_VP	shortVPplur	de heiten binne lang en hawwe	de heiten binne lang en hat
short_VP	shortVPplur	de heiten binne lang en kinne	de heiten binne lang en kin
short_VP	shortVPplur	de heiten binne lang en komme	de heiten binne lang en komt
short_VP	shortVPplur	de heiten binne lang en witte	de heiten binne lang en wit
short_VP	shortVPplur	de heiten binne lang en sette	de heiten binne lang en set
short_VP	shortVPplur	de heiten binne lang en lige	de heiten binne lang en leit
short_VP	shortVPplur	de heiten binne koart en hawwe	de heiten binne koart en hat
short_VP	shortVPplur	de heiten binne koart en kinne	de heiten binne koart en kin
short_VP	shortVPplur	de heiten binne koart en komme	de heiten binne koart en komt
short_VP	shortVPplur	de heiten binne koart en witte	de heiten binne koart en wit
short_VP	shortVPplur	de heiten binne koart en sette	de heiten binne koart en set
short_VP	shortVPplur	de heiten binne koart en lige	de heiten binne koart en leit
short_VP	shortVPplur	de heiten binne âld en hawwe	de heiten binne âld en hat
short_VP	shortVPplur	de heiten binne âld en kinne	de heiten binne âld en kin
short_VP	shortVPplur	de heiten binne âld en komme	de heiten binne âld en komt
short_VP	shortVPplur	de heiten binne âld en witte	de heiten binne âld en wit
short_VP	shortVPplur	de heiten binne âld en sette	de heiten binne âld en set
short_VP	shortVPplur	de heiten binne âld en lige	de heiten binne âld en leit
short_VP	shortVPplur	de heiten binne jong en hawwe	de heiten binne jong en hat
short_VP	shortVPplur	de heiten binne jong en kinne	de heiten binne jong en kin
short_VP	shortVPplur	de heiten binne jong en komme	de heiten binne jong en komt
short_VP	shortVPplur	de heiten binne jong en witte	de heiten binne jong en wit
short_VP	shortVPplur	de heiten binne jong en sette	de heiten binne jong en set
short_VP	shortVPplur	de heiten binne jong en lige	de heiten binne jong en leit
short_VP	shortVPplur	de memmen hawwe en binne lang	de memmen hawwe en is lang
short_VP	shortVPplur	de memmen hawwe en binne koart	de memmen hawwe en is koart
short_VP	shortVPplur	de memmen hawwe en binne âld	de memmen hawwe en is âld
short_VP	shortVPplur	de memmen hawwe en binne jong	de memmen hawwe en is jong
short_VP	shortVPplur	de memmen kinne en binne lang	de memmen kinne en is lang
short_VP	shortVPplur	de memmen kinne en binne koart	de memmen kinne en is koart
short_VP	shortVPplur	de memmen kinne en binne âld	de memmen kinne en is âld
short_VP	shortVPplur	de memmen kinne en binne jong	de memmen kinne en is jong
short_VP	shortVPplur	de memmen komme en binne lang	de memmen komme en is lang
short_VP	shortVPplur	de memmen komme en binne koart	de memmen komme en is koart
short_VP	shortVPplur	de memmen komme en binne âld	de memmen komme en is âld
short_VP	shortVPplur	de memmen komme en binne jong	de memmen komme en is jong
short_VP	shortVPplur	de memmen witte en binne lang	de memmen witte en is lang
short_VP	shortVPplur	de memmen witte en binne koart	de memmen witte en is koart
short_VP	shortVPplur	de memmen witte en binne âld	de memmen witte en is âld
short_VP	shortVPplur	de memmen witte en binne jong	de memmen witte en is jong
short_VP	shortVPplur	de memmen sette en binne lang	de memmen sette en is lang
short_VP	shortVPplur	de memmen sette en binne koart	de memmen sette en is koart
short_VP	shortVPplur	de memmen sette en binne âld	de memmen sette en is âld
short_VP	shortVPplur	de memmen sette en binne jong	de memmen sette en is jong
short_VP	shortVPplur	de memmen lige en binne lang	de memmen lige en is lang
short_VP	shortVPplur	de memmen lige en binne koart	de memmen lige en is koart
short_VP	shortVPplur	de memmen lige en binne âld	de memmen lige en is âld
short_VP	shortVPplur	de memmen lige en binne jong	de memmen lige en is jong
short_VP	shortVPplur	de memmen binne lang en hawwe	de memmen binne lang en hat
short_VP	shortVPplur	de memmen binne lang en kinne	de memmen binne lang en kin
short_VP	shortVPplur	de memmen binne lang en komme	de memmen binne lang en komt
short_VP	shortVPplur	de memmen binne lang en witte	de memmen binne lang en wit
short_VP	shortVPplur	de memmen binne lang en sette	de memmen binne lang en set
short_VP	shortVPplur	de memmen binne lang en lige	de memmen binne lang en leit
short_VP	shortVPplur	de memmen binne koart en hawwe	de memmen binne koart en hat
short_VP	shortVPplur	de memmen binne koart en kinne	de memmen binne koart en kin
short_VP	shortVPplur	de memmen binne koart en komme	de memmen binne koart en komt
short_VP	shortVPplur	de memmen binne koart en witte	de memmen binne koart en wit
short_VP	shortVPplur	de memmen binne koart en sette	de memmen binne koart en set
short_VP	shortVPplur	de memmen binne koart en lige	de memmen binne koart en leit
short_VP	shortVPplur	de memmen binne âld en hawwe	de memmen binne âld en hat
short_VP	shortVPplur	de memmen binne âld en kinne	de memmen binne âld en kin
short_VP	shortVPplur	de memmen binne âld en komme	de memmen binne âld en komt
short_VP	shortVPplur	de memmen binne âld en witte	de memmen binne âld en wit
short_VP	shortVPplur	de memmen binne âld en sette	de memmen binne âld en set
short_VP	shortVPplur	de memmen binne âld en lige	de memmen binne âld en leit
short_VP	shortVPplur	de memmen binne jong en hawwe	de memmen binne jong en hat
short_VP	shortVPplur	de memmen binne jong en kinne	de memmen binne jong en kin
short_VP	shortVPplur	de memmen binne jong en komme	de memmen binne jong en komt
short_VP	shortVPplur	de memmen binne jong en witte	de memmen binne jong en wit
short_VP	shortVPplur	de memmen binne jong en sette	de memmen binne jong en set
short_VP	shortVPplur	de memmen binne jong en lige	de memmen binne jong en leit
short_VP	shortVPplur	de froulju hawwe en binne lang	de froulju hawwe en is lang
short_VP	shortVPplur	de froulju hawwe en binne koart	de froulju hawwe en is koart
short_VP	shortVPplur	de froulju hawwe en binne âld	de froulju hawwe en is âld
short_VP	shortVPplur	de froulju hawwe en binne jong	de froulju hawwe en is jong
short_VP	shortVPplur	de froulju kinne en binne lang	de froulju kinne en is lang
short_VP	shortVPplur	de froulju kinne en binne koart	de froulju kinne en is koart
short_VP	shortVPplur	de froulju kinne en binne âld	de froulju kinne en is âld
short_VP	shortVPplur	de froulju kinne en binne jong	de froulju kinne en is jong
short_VP	shortVPplur	de froulju komme en binne lang	de froulju komme en is lang
short_VP	shortVPplur	de froulju komme en binne koart	de froulju komme en is koart
short_VP	shortVPplur	de froulju komme en binne âld	de froulju komme en is âld
short_VP	shortVPplur	de froulju komme en binne jong	de froulju komme en is jong
short_VP	shortVPplur	de froulju witte en binne lang	de froulju witte en is lang
short_VP	shortVPplur	de froulju witte en binne koart	de froulju witte en is koart
short_VP	shortVPplur	de froulju witte en binne âld	de froulju witte en is âld
short_VP	shortVPplur	de froulju witte en binne jong	de froulju witte en is jong
short_VP	shortVPplur	de froulju sette en binne lang	de froulju sette en is lang
short_VP	shortVPplur	de froulju sette en binne koart	de froulju sette en is koart
short_VP	shortVPplur	de froulju sette en binne âld	de froulju sette en is âld
short_VP	shortVPplur	de froulju sette en binne jong	de froulju sette en is jong
short_VP	shortVPplur	de froulju lige en binne lang	de froulju lige en is lang
short_VP	shortVPplur	de froulju lige en binne koart	de froulju lige en is koart
short_VP	shortVPplur	de froulju lige en binne âld	de froulju lige en is âld
short_VP	shortVPplur	de froulju lige en binne jong	de froulju lige en is jong
short_VP	shortVPplur	de froulju binne lang en hawwe	de froulju binne lang en hat
short_VP	shortVPplur	de froulju binne lang en kinne	de froulju binne lang en kin
short_VP	shortVPplur	de froulju binne lang en komme	de froulju binne lang en komt
short_VP	shortVPplur	de froulju binne lang en witte	de froulju binne lang en wit
short_VP	shortVPplur	de froulju binne lang en sette	de froulju binne lang en set
short_VP	shortVPplur	de froulju binne lang en lige	de froulju binne lang en leit
short_VP	shortVPplur	de froulju binne koart en hawwe	de froulju binne koart en hat
short_VP	shortVPplur	de froulju binne koart en kinne	de froulju binne koart en kin
short_VP	shortVPplur	de froulju binne koart en komme	de froulju binne koart en komt
short_VP	shortVPplur	de froulju binne koart en witte	de froulju binne koart en wit
short_VP	shortVPplur	de froulju binne koart en sette	de froulju binne koart en set
short_VP	shortVPplur	de froulju binne koart en lige	de froulju binne koart en leit
short_VP	shortVPplur	de froulju binne âld en hawwe	de froulju binne âld en hat
short_VP	shortVPplur	de froulju binne âld en kinne	de froulju binne âld en kin
short_VP	shortVPplur	de froulju binne âld en komme	de froulju binne âld en komt
short_VP	shortVPplur	de froulju binne âld en witte	de froulju binne âld en wit
short_VP	shortVPplur	de froulju binne âld en sette	de froulju binne âld en set
short_VP	shortVPplur	de froulju binne âld en lige	de froulju binne âld en leit
short_VP	shortVPplur	de froulju binne jong en hawwe	de froulju binne jong en hat
short_VP	shortVPplur	de froulju binne jong en kinne	de froulju binne jong en kin
short_VP	shortVPplur	de froulju binne jong en komme	de froulju binne jong en komt
short_VP	shortVPplur	de froulju binne jong en witte	de froulju binne jong en wit
short_VP	shortVPplur	de froulju binne jong en sette	de froulju binne jong en set
short_VP	shortVPplur	de froulju binne jong en lige	de froulju binne jong en leit
short_VP	shortVPplur	de plysjes hawwe en binne lang	de plysjes hawwe en is lang
short_VP	shortVPplur	de plysjes hawwe en binne koart	de plysjes hawwe en is koart
short_VP	shortVPplur	de plysjes hawwe en binne âld	de plysjes hawwe en is âld
short_VP	shortVPplur	de plysjes hawwe en binne jong	de plysjes hawwe en is jong
short_VP	shortVPplur	de plysjes kinne en binne lang	de plysjes kinne en is lang
short_VP	shortVPplur	de plysjes kinne en binne koart	de plysjes kinne en is koart
short_VP	shortVPplur	de plysjes kinne en binne âld	de plysjes kinne en is âld
short_VP	shortVPplur	de plysjes kinne en binne jong	de plysjes kinne en is jong
short_VP	shortVPplur	de plysjes komme en binne lang	de plysjes komme en is lang
short_VP	shortVPplur	de plysjes komme en binne koart	de plysjes komme en is koart
short_VP	shortVPplur	de plysjes komme en binne âld	de plysjes komme en is âld
short_VP	shortVPplur	de plysjes komme en binne jong	de plysjes komme en is jong
short_VP	shortVPplur	de plysjes witte en binne lang	de plysjes witte en is lang
short_VP	shortVPplur	de plysjes witte en binne koart	de plysjes witte en is koart
short_VP	shortVPplur	de plysjes witte en binne âld	de plysjes witte en is âld
short_VP	shortVPplur	de plysjes witte en binne jong	de plysjes witte en is jong
short_VP	shortVPplur	de plysjes sette en binne lang	de plysjes sette en is lang
short_VP	shortVPplur	de plysjes sette en binne koart	de plysjes sette en is koart
short_VP	shortVPplur	de plysjes sette en binne âld	de plysjes sette en is âld
short_VP	shortVPplur	de plysjes sette en binne jong	de plysjes sette en is jong
short_VP	shortVPplur	de plysjes lige en binne lang	de plysjes lige en is lang
short_VP	shortVPplur	de plysjes lige en binne koart	de plysjes lige en is koart
short_VP	shortVPplur	de plysjes lige en binne âld	de plysjes lige en is âld
short_VP	shortVPplur	de plysjes lige en binne jong	de plysjes lige en is jong
short_VP	shortVPplur	de plysjes binne lang en hawwe	de plysjes binne lang en hat
short_VP	shortVPplur	de plysjes binne lang en kinne	de plysjes binne lang en kin
short_VP	shortVPplur	de plysjes binne lang en komme	de plysjes binne lang en komt
short_VP	shortVPplur	de plysjes binne lang en witte	de plysjes binne lang en wit
short_VP	shortVPplur	de plysjes binne lang en sette	de plysjes binne lang en set
short_VP	shortVPplur	de plysjes binne lang en lige	de plysjes binne lang en leit
short_VP	shortVPplur	de plysjes binne koart en hawwe	de plysjes binne koart en hat
short_VP	shortVPplur	de plysjes binne koart en kinne	de plysjes binne koart en kin
short_VP	shortVPplur	de plysjes binne koart en komme	de plysjes binne koart en komt
short_VP	shortVPplur	de plysjes binne koart en witte	de plysjes binne koart en wit
short_VP	shortVPplur	de plysjes binne koart en sette	de plysjes binne koart en set
short_VP	shortVPplur	de plysjes binne koart en lige	de plysjes binne koart en leit
short_VP	shortVPplur	de plysjes binne âld en hawwe	de plysjes binne âld en hat
short_VP	shortVPplur	de plysjes binne âld en kinne	de plysjes binne âld en kin
short_VP	shortVPplur	de plysjes binne âld en komme	de plysjes binne âld en komt
short_VP	shortVPplur	de plysjes binne âld en witte	de plysjes binne âld en wit
short_VP	shortVPplur	de plysjes binne âld en sette	de plysjes binne âld en set
short_VP	shortVPplur	de plysjes binne âld en lige	de plysjes binne âld en leit
short_VP	shortVPplur	de plysjes binne jong en hawwe	de plysjes binne jong en hat
short_VP	shortVPplur	de plysjes binne jong en kinne	de plysjes binne jong en kin
short_VP	shortVPplur	de plysjes binne jong en komme	de plysjes binne jong en komt
short_VP	shortVPplur	de plysjes binne jong en witte	de plysjes binne jong en wit
short_VP	shortVPplur	de plysjes binne jong en sette	de plysjes binne jong en set
short_VP	shortVPplur	de plysjes binne jong en lige	de plysjes binne jong en leit
short_VP	shortVPplur	de famkes hawwe en binne lang	de famkes hawwe en is lang
short_VP	shortVPplur	de famkes hawwe en binne koart	de famkes hawwe en is koart
short_VP	shortVPplur	de famkes hawwe en binne âld	de famkes hawwe en is âld
short_VP	shortVPplur	de famkes hawwe en binne jong	de famkes hawwe en is jong
short_VP	shortVPplur	de famkes kinne en binne lang	de famkes kinne en is lang
short_VP	shortVPplur	de famkes kinne en binne koart	de famkes kinne en is koart
short_VP	shortVPplur	de famkes kinne en binne âld	de famkes kinne en is âld
short_VP	shortVPplur	de famkes kinne en binne jong	de famkes kinne en is jong
short_VP	shortVPplur	de famkes komme en binne lang	de famkes komme en is lang
short_VP	shortVPplur	de famkes komme en binne koart	de famkes komme en is koart
short_VP	shortVPplur	de famkes komme en binne âld	de famkes komme en is âld
short_VP	shortVPplur	de famkes komme en binne jong	de famkes komme en is jong
short_VP	shortVPplur	de famkes witte en binne lang	de famkes witte en is lang
short_VP	shortVPplur	de famkes witte en binne koart	de famkes witte en is koart
short_VP	shortVPplur	de famkes witte en binne âld	de famkes witte en is âld
short_VP	shortVPplur	de famkes witte en binne jong	de famkes witte en is jong
short_VP	shortVPplur	de famkes sette en binne lang	de famkes sette en is lang
short_VP	shortVPplur	de famkes sette en binne koart	de famkes sette en is koart
short_VP	shortVPplur	de famkes sette en binne âld	de famkes sette en is âld
short_VP	shortVPplur	de famkes sette en binne jong	de famkes sette en is jong
short_VP	shortVPplur	de famkes lige en binne lang	de famkes lige en is lang
short_VP	shortVPplur	de famkes lige en binne koart	de famkes lige en is koart
short_VP	shortVPplur	de famkes lige en binne âld	de famkes lige en is âld
short_VP	shortVPplur	de famkes lige en binne jong	de famkes lige en is jong
short_VP	shortVPplur	de famkes binne lang en hawwe	de famkes binne lang en hat
short_VP	shortVPplur	de famkes binne lang en kinne	de famkes binne lang en kin
short_VP	shortVPplur	de famkes binne lang en komme	de famkes binne lang en komt
short_VP	shortVPplur	de famkes binne lang en witte	de famkes binne lang en wit
short_VP	shortVPplur	de famkes binne lang en sette	de famkes binne lang en set
short_VP	shortVPplur	de famkes binne lang en lige	de famkes binne lang en leit
short_VP	shortVPplur	de famkes binne koart en hawwe	de famkes binne koart en hat
short_VP	shortVPplur	de famkes binne koart en kinne	de famkes binne koart en kin
short_VP	shortVPplur	de famkes binne koart en komme	de famkes binne koart en komt
short_VP	shortVPplur	de famkes binne koart en witte	de famkes binne koart en wit
short_VP	shortVPplur	de famkes binne koart en sette	de famkes binne koart en set
short_VP	shortVPplur	de famkes binne koart en lige	de famkes binne koart en leit
short_VP	shortVPplur	de famkes binne âld en hawwe	de famkes binne âld en hat
short_VP	shortVPplur	de famkes binne âld en kinne	de famkes binne âld en kin
short_VP	shortVPplur	de famkes binne âld en komme	de famkes binne âld en komt
short_VP	shortVPplur	de famkes binne âld en witte	de famkes binne âld en wit
short_VP	shortVPplur	de famkes binne âld en sette	de famkes binne âld en set
short_VP	shortVPplur	de famkes binne âld en lige	de famkes binne âld en leit
short_VP	shortVPplur	de famkes binne jong en hawwe	de famkes binne jong en hat
short_VP	shortVPplur	de famkes binne jong en kinne	de famkes binne jong en kin
short_VP	shortVPplur	de famkes binne jong en komme	de famkes binne jong en komt
short_VP	shortVPplur	de famkes binne jong en witte	de famkes binne jong en wit
short_VP	shortVPplur	de famkes binne jong en sette	de famkes binne jong en set
short_VP	shortVPplur	de famkes binne jong en lige	de famkes binne jong en leit
short_VP	shortVPplur	de jonges hawwe en binne lang	de jonges hawwe en is lang
short_VP	shortVPplur	de jonges hawwe en binne koart	de jonges hawwe en is koart
short_VP	shortVPplur	de jonges hawwe en binne âld	de jonges hawwe en is âld
short_VP	shortVPplur	de jonges hawwe en binne jong	de jonges hawwe en is jong
short_VP	shortVPplur	de jonges kinne en binne lang	de jonges kinne en is lang
short_VP	shortVPplur	de jonges kinne en binne koart	de jonges kinne en is koart
short_VP	shortVPplur	de jonges kinne en binne âld	de jonges kinne en is âld
short_VP	shortVPplur	de jonges kinne en binne jong	de jonges kinne en is jong
short_VP	shortVPplur	de jonges komme en binne lang	de jonges komme en is lang
short_VP	shortVPplur	de jonges komme en binne koart	de jonges komme en is koart
short_VP	shortVPplur	de jonges komme en binne âld	de jonges komme en is âld
short_VP	shortVPplur	de jonges komme en binne jong	de jonges komme en is jong
short_VP	shortVPplur	de jonges witte en binne lang	de jonges witte en is lang
short_VP	shortVPplur	de jonges witte en binne koart	de jonges witte en is koart
short_VP	shortVPplur	de jonges witte en binne âld	de jonges witte en is âld
short_VP	shortVPplur	de jonges witte en binne jong	de jonges witte en is jong
short_VP	shortVPplur	de jonges sette en binne lang	de jonges sette en is lang
short_VP	shortVPplur	de jonges sette en binne koart	de jonges sette en is koart
short_VP	shortVPplur	de jonges sette en binne âld	de jonges sette en is âld
short_VP	shortVPplur	de jonges sette en binne jong	de jonges sette en is jong
short_VP	shortVPplur	de jonges lige en binne lang	de jonges lige en is lang
short_VP	shortVPplur	de jonges lige en binne koart	de jonges lige en is koart
short_VP	shortVPplur	de jonges lige en binne âld	de jonges lige en is âld
short_VP	shortVPplur	de jonges lige en binne jong	de jonges lige en is jong
short_VP	shortVPplur	de jonges binne lang en hawwe	de jonges binne lang en hat
short_VP	shortVPplur	de jonges binne lang en kinne	de jonges binne lang en kin
short_VP	shortVPplur	de jonges binne lang en komme	de jonges binne lang en komt
short_VP	shortVPplur	de jonges binne lang en witte	de jonges binne lang en wit
short_VP	shortVPplur	de jonges binne lang en sette	de jonges binne lang en set
short_VP	shortVPplur	de jonges binne lang en lige	de jonges binne lang en leit
short_VP	shortVPplur	de jonges binne koart en hawwe	de jonges binne koart en hat
short_VP	shortVPplur	de jonges binne koart en kinne	de jonges binne koart en kin
short_VP	shortVPplur	de jonges binne koart en komme	de jonges binne koart en komt
short_VP	shortVPplur	de jonges binne koart en witte	de jonges binne koart en wit
short_VP	shortVPplur	de jonges binne koart en sette	de jonges binne koart en set
short_VP	shortVPplur	de jonges binne koart en lige	de jonges binne koart en leit
short_VP	shortVPplur	de jonges binne âld en hawwe	de jonges binne âld en hat
short_VP	shortVPplur	de jonges binne âld en kinne	de jonges binne âld en kin
short_VP	shortVPplur	de jonges binne âld en komme	de jonges binne âld en komt
short_VP	shortVPplur	de jonges binne âld en witte	de jonges binne âld en wit
short_VP	shortVPplur	de jonges binne âld en sette	de jonges binne âld en set
short_VP	shortVPplur	de jonges binne âld en lige	de jonges binne âld en leit
short_VP	shortVPplur	de jonges binne jong en hawwe	de jonges binne jong en hat
short_VP	shortVPplur	de jonges binne jong en kinne	de jonges binne jong en kin
short_VP	shortVPplur	de jonges binne jong en komme	de jonges binne jong en komt
short_VP	shortVPplur	de jonges binne jong en witte	de jonges binne jong en wit
short_VP	shortVPplur	de jonges binne jong en sette	de jonges binne jong en set
short_VP	shortVPplur	de jonges binne jong en lige	de jonges binne jong en leit
short_VP	shortVPplur	de keningen hawwe en binne lang	de keningen hawwe en is lang
short_VP	shortVPplur	de keningen hawwe en binne koart	de keningen hawwe en is koart
short_VP	shortVPplur	de keningen hawwe en binne âld	de keningen hawwe en is âld
short_VP	shortVPplur	de keningen hawwe en binne jong	de keningen hawwe en is jong
short_VP	shortVPplur	de keningen kinne en binne lang	de keningen kinne en is lang
short_VP	shortVPplur	de keningen kinne en binne koart	de keningen kinne en is koart
short_VP	shortVPplur	de keningen kinne en binne âld	de keningen kinne en is âld
short_VP	shortVPplur	de keningen kinne en binne jong	de keningen kinne en is jong
short_VP	shortVPplur	de keningen komme en binne lang	de keningen komme en is lang
short_VP	shortVPplur	de keningen komme en binne koart	de keningen komme en is koart
short_VP	shortVPplur	de keningen komme en binne âld	de keningen komme en is âld
short_VP	shortVPplur	de keningen komme en binne jong	de keningen komme en is jong
short_VP	shortVPplur	de keningen witte en binne lang	de keningen witte en is lang
short_VP	shortVPplur	de keningen witte en binne koart	de keningen witte en is koart
short_VP	shortVPplur	de keningen witte en binne âld	de keningen witte en is âld
short_VP	shortVPplur	de keningen witte en binne jong	de keningen witte en is jong
short_VP	shortVPplur	de keningen sette en binne lang	de keningen sette en is lang
short_VP	shortVPplur	de keningen sette en binne koart	de keningen sette en is koart
short_VP	shortVPplur	de keningen sette en binne âld	de keningen sette en is âld
short_VP	shortVPplur	de keningen sette en binne jong	de keningen sette en is jong
short_VP	shortVPplur	de keningen lige en binne lang	de keningen lige en is lang
short_VP	shortVPplur	de keningen lige en binne koart	de keningen lige en is koart
short_VP	shortVPplur	de keningen lige en binne âld	de keningen lige en is âld
short_VP	shortVPplur	de keningen lige en binne jong	de keningen lige en is jong
short_VP	shortVPplur	de keningen binne lang en hawwe	de keningen binne lang en hat
short_VP	shortVPplur	de keningen binne lang en kinne	de keningen binne lang en kin
short_VP	shortVPplur	de keningen binne lang en komme	de keningen binne lang en komt
short_VP	shortVPplur	de keningen binne lang en witte	de keningen binne lang en wit
short_VP	shortVPplur	de keningen binne lang en sette	de keningen binne lang en set
short_VP	shortVPplur	de keningen binne lang en lige	de keningen binne lang en leit
short_VP	shortVPplur	de keningen binne koart en hawwe	de keningen binne koart en hat
short_VP	shortVPplur	de keningen binne koart en kinne	de keningen binne koart en kin
short_VP	shortVPplur	de keningen binne koart en komme	de keningen binne koart en komt
short_VP	shortVPplur	de keningen binne koart en witte	de keningen binne koart en wit
short_VP	shortVPplur	de keningen binne koart en sette	de keningen binne koart en set
short_VP	shortVPplur	de keningen binne koart en lige	de keningen binne koart en leit
short_VP	shortVPplur	de keningen binne âld en hawwe	de keningen binne âld en hat
short_VP	shortVPplur	de keningen binne âld en kinne	de keningen binne âld en kin
short_VP	shortVPplur	de keningen binne âld en komme	de keningen binne âld en komt
short_VP	shortVPplur	de keningen binne âld en witte	de keningen binne âld en wit
short_VP	shortVPplur	de keningen binne âld en sette	de keningen binne âld en set
short_VP	shortVPplur	de keningen binne âld en lige	de keningen binne âld en leit
short_VP	shortVPplur	de keningen binne jong en hawwe	de keningen binne jong en hat
short_VP	shortVPplur	de keningen binne jong en kinne	de keningen binne jong en kin
short_VP	shortVPplur	de keningen binne jong en komme	de keningen binne jong en komt
short_VP	shortVPplur	de keningen binne jong en witte	de keningen binne jong en wit
short_VP	shortVPplur	de keningen binne jong en sette	de keningen binne jong en set
short_VP	shortVPplur	de keningen binne jong en lige	de keningen binne jong en leit
short_VP	shortVPsingNonce	in ferbetterwurk behannelet en hat	in ferbetterwurk behannelet en hawwe
short_VP	shortVPsingNonce	in ferbetterwurk behannelet en kin	in ferbetterwurk behannelet en kinne
short_VP	shortVPsingNonce	in ferbetterwurk behannelet en komt	in ferbetterwurk behannelet en komme
short_VP	shortVPsingNonce	in ferbetterwurk behannelet en wit	in ferbetterwurk behannelet en witte
short_VP	shortVPsingNonce	in ferbetterwurk behannelet en set	in ferbetterwurk behannelet en sette
short_VP	shortVPsingNonce	in ferbetterwurk behannelet en leit	in ferbetterwurk behannelet en lige
short_VP	shortVPsingNonce	in ferbetterwurk behannelet en is lang	in ferbetterwurk behannelet en binne lang
short_VP	shortVPsingNonce	in ferbetterwurk behannelet en is koart	in ferbetterwurk behannelet en binne koart
short_VP	shortVPsingNonce	in ferbetterwurk behannelet en is âld	in ferbetterwurk behannelet en binne âld
short_VP	shortVPsingNonce	in ferbetterwurk behannelet en is jong	in ferbetterwurk behannelet en binne jong
short_VP	shortVPsingNonce	in ferbetterwurk bemoudzje en hat	in ferbetterwurk bemoudzje en hawwe
short_VP	shortVPsingNonce	in ferbetterwurk bemoudzje en kin	in ferbetterwurk bemoudzje en kinne
short_VP	shortVPsingNonce	in ferbetterwurk bemoudzje en komt	in ferbetterwurk bemoudzje en komme
short_VP	shortVPsingNonce	in ferbetterwurk bemoudzje en wit	in ferbetterwurk bemoudzje en witte
short_VP	shortVPsingNonce	in ferbetterwurk bemoudzje en set	in ferbetterwurk bemoudzje en sette
short_VP	shortVPsingNonce	in ferbetterwurk bemoudzje en leit	in ferbetterwurk bemoudzje en lige
short_VP	shortVPsingNonce	in ferbetterwurk bemoudzje en is lang	in ferbetterwurk bemoudzje en binne lang
short_VP	shortVPsingNonce	in ferbetterwurk bemoudzje en is koart	in ferbetterwurk bemoudzje en binne koart
short_VP	shortVPsingNonce	in ferbetterwurk bemoudzje en is âld	in ferbetterwurk bemoudzje en binne âld
short_VP	shortVPsingNonce	in ferbetterwurk bemoudzje en is jong	in ferbetterwurk bemoudzje en binne jong
short_VP	shortVPsingNonce	in ferbetterwurk dompele en hat	in ferbetterwurk dompele en hawwe
short_VP	shortVPsingNonce	in ferbetterwurk dompele en kin	in ferbetterwurk dompele en kinne
short_VP	shortVPsingNonce	in ferbetterwurk dompele en komt	in ferbetterwurk dompele en komme
short_VP	shortVPsingNonce	in ferbetterwurk dompele en wit	in ferbetterwurk dompele en witte
short_VP	shortVPsingNonce	in ferbetterwurk dompele en set	in ferbetterwurk dompele en sette
short_VP	shortVPsingNonce	in ferbetterwurk dompele en leit	in ferbetterwurk dompele en lige
short_VP	shortVPsingNonce	in ferbetterwurk dompele en is lang	in ferbetterwurk dompele en binne lang
short_VP	shortVPsingNonce	in ferbetterwurk dompele en is koart	in ferbetterwurk dompele en binne koart
short_VP	shortVPsingNonce	in ferbetterwurk dompele en is âld	in ferbetterwurk dompele en binne âld
short_VP	shortVPsingNonce	in ferbetterwurk dompele en is jong	in ferbetterwurk dompele en binne jong
short_VP	shortVPsingNonce	in ferbetterwurk sinjearret en hat	in ferbetterwurk sinjearret en hawwe
short_VP	shortVPsingNonce	in ferbetterwurk sinjearret en kin	in ferbetterwurk sinjearret en kinne
short_VP	shortVPsingNonce	in ferbetterwurk sinjearret en komt	in ferbetterwurk sinjearret en komme
short_VP	shortVPsingNonce	in ferbetterwurk sinjearret en wit	in ferbetterwurk sinjearret en witte
short_VP	shortVPsingNonce	in ferbetterwurk sinjearret en set	in ferbetterwurk sinjearret en sette
short_VP	shortVPsingNonce	in ferbetterwurk sinjearret en leit	in ferbetterwurk sinjearret en lige
short_VP	shortVPsingNonce	in ferbetterwurk sinjearret en is lang	in ferbetterwurk sinjearret en binne lang
short_VP	shortVPsingNonce	in ferbetterwurk sinjearret en is koart	in ferbetterwurk sinjearret en binne koart
short_VP	shortVPsingNonce	in ferbetterwurk sinjearret en is âld	in ferbetterwurk sinjearret en binne âld
short_VP	shortVPsingNonce	in ferbetterwurk sinjearret en is jong	in ferbetterwurk sinjearret en binne jong
short_VP	shortVPsingNonce	in rasfuotballer behannelet en hat	in rasfuotballer behannelet en hawwe
short_VP	shortVPsingNonce	in rasfuotballer behannelet en kin	in rasfuotballer behannelet en kinne
short_VP	shortVPsingNonce	in rasfuotballer behannelet en komt	in rasfuotballer behannelet en komme
short_VP	shortVPsingNonce	in rasfuotballer behannelet en wit	in rasfuotballer behannelet en witte
short_VP	shortVPsingNonce	in rasfuotballer behannelet en set	in rasfuotballer behannelet en sette
short_VP	shortVPsingNonce	in rasfuotballer behannelet en leit	in rasfuotballer behannelet en lige
short_VP	shortVPsingNonce	in rasfuotballer behannelet en is lang	in rasfuotballer behannelet en binne lang
short_VP	shortVPsingNonce	in rasfuotballer behannelet en is koart	in rasfuotballer behannelet en binne koart
short_VP	shortVPsingNonce	in rasfuotballer behannelet en is âld	in rasfuotballer behannelet en binne âld
short_VP	shortVPsingNonce	in rasfuotballer behannelet en is jong	in rasfuotballer behannelet en binne jong
short_VP	shortVPsingNonce	in rasfuotballer bemoudzje en hat	in rasfuotballer bemoudzje en hawwe
short_VP	shortVPsingNonce	in rasfuotballer bemoudzje en kin	in rasfuotballer bemoudzje en kinne
short_VP	shortVPsingNonce	in rasfuotballer bemoudzje en komt	in rasfuotballer bemoudzje en komme
short_VP	shortVPsingNonce	in rasfuotballer bemoudzje en wit	in rasfuotballer bemoudzje en witte
short_VP	shortVPsingNonce	in rasfuotballer bemoudzje en set	in rasfuotballer bemoudzje en sette
short_VP	shortVPsingNonce	in rasfuotballer bemoudzje en leit	in rasfuotballer bemoudzje en lige
short_VP	shortVPsingNonce	in rasfuotballer bemoudzje en is lang	in rasfuotballer bemoudzje en binne lang
short_VP	shortVPsingNonce	in rasfuotballer bemoudzje en is koart	in rasfuotballer bemoudzje en binne koart
short_VP	shortVPsingNonce	in rasfuotballer bemoudzje en is âld	in rasfuotballer bemoudzje en binne âld
short_VP	shortVPsingNonce	in rasfuotballer bemoudzje en is jong	in rasfuotballer bemoudzje en binne jong
short_VP	shortVPsingNonce	in rasfuotballer dompele en hat	in rasfuotballer dompele en hawwe
short_VP	shortVPsingNonce	in rasfuotballer dompele en kin	in rasfuotballer dompele en kinne
short_VP	shortVPsingNonce	in rasfuotballer dompele en komt	in rasfuotballer dompele en komme
short_VP	shortVPsingNonce	in rasfuotballer dompele en wit	in rasfuotballer dompele en witte
short_VP	shortVPsingNonce	in rasfuotballer dompele en set	in rasfuotballer dompele en sette
short_VP	shortVPsingNonce	in rasfuotballer dompele en leit	in rasfuotballer dompele en lige
short_VP	shortVPsingNonce	in rasfuotballer dompele en is lang	in rasfuotballer dompele en binne lang
short_VP	shortVPsingNonce	in rasfuotballer dompele en is koart	in rasfuotballer dompele en binne koart
short_VP	shortVPsingNonce	in rasfuotballer dompele en is âld	in rasfuotballer dompele en binne âld
short_VP	shortVPsingNonce	in rasfuotballer dompele en is jong	in rasfuotballer dompele en binne jong
short_VP	shortVPsingNonce	in rasfuotballer sinjearret en hat	in rasfuotballer sinjearret en hawwe
short_VP	shortVPsingNonce	in rasfuotballer sinjearret en kin	in rasfuotballer sinjearret en kinne
short_VP	shortVPsingNonce	in rasfuotballer sinjearret en komt	in rasfuotballer sinjearret en komme
short_VP	shortVPsingNonce	in rasfuotballer sinjearret en wit	in rasfuotballer sinjearret en witte
short_VP	shortVPsingNonce	in rasfuotballer sinjearret en set	in rasfuotballer sinjearret en sette
short_VP	shortVPsingNonce	in rasfuotballer sinjearret en leit	in rasfuotballer sinjearret en lige
short_VP	shortVPsingNonce	in rasfuotballer sinjearret en is lang	in rasfuotballer sinjearret en binne lang
short_VP	shortVPsingNonce	in rasfuotballer sinjearret en is koart	in rasfuotballer sinjearret en binne koart
short_VP	shortVPsingNonce	in rasfuotballer sinjearret en is âld	in rasfuotballer sinjearret en binne âld
short_VP	shortVPsingNonce	in rasfuotballer sinjearret en is jong	in rasfuotballer sinjearret en binne jong
short_VP	shortVPsingNonce	in tille behannelet en hat	in tille behannelet en hawwe
short_VP	shortVPsingNonce	in tille behannelet en kin	in tille behannelet en kinne
short_VP	shortVPsingNonce	in tille behannelet en komt	in tille behannelet en komme
short_VP	shortVPsingNonce	in tille behannelet en wit	in tille behannelet en witte
short_VP	shortVPsingNonce	in tille behannelet en set	in tille behannelet en sette
short_VP	shortVPsingNonce	in tille behannelet en leit	in tille behannelet en lige
short_VP	shortVPsingNonce	in tille behannelet en is lang	in tille behannelet en binne lang
short_VP	shortVPsingNonce	in tille behannelet en is koart	in tille behannelet en binne koart
short_VP	shortVPsingNonce	in tille behannelet en is âld	in tille behannelet en binne âld
short_VP	shortVPsingNonce	in tille behannelet en is jong	in tille behannelet en binne jong
short_VP	shortVPsingNonce	in tille bemoudzje en hat	in tille bemoudzje en hawwe
short_VP	shortVPsingNonce	in tille bemoudzje en kin	in tille bemoudzje en kinne
short_VP	shortVPsingNonce	in tille bemoudzje en komt	in tille bemoudzje en komme
short_VP	shortVPsingNonce	in tille bemoudzje en wit	in tille bemoudzje en witte
short_VP	shortVPsingNonce	in tille bemoudzje en set	in tille bemoudzje en sette
short_VP	shortVPsingNonce	in tille bemoudzje en leit	in tille bemoudzje en lige
short_VP	shortVPsingNonce	in tille bemoudzje en is lang	in tille bemoudzje en binne lang
short_VP	shortVPsingNonce	in tille bemoudzje en is koart	in tille bemoudzje en binne koart
short_VP	shortVPsingNonce	in tille bemoudzje en is âld	in tille bemoudzje en binne âld
short_VP	shortVPsingNonce	in tille bemoudzje en is jong	in tille bemoudzje en binne jong
short_VP	shortVPsingNonce	in tille dompele en hat	in tille dompele en hawwe
short_VP	shortVPsingNonce	in tille dompele en kin	in tille dompele en kinne
short_VP	shortVPsingNonce	in tille dompele en komt	in tille dompele en komme
short_VP	shortVPsingNonce	in tille dompele en wit	in tille dompele en witte
short_VP	shortVPsingNonce	in tille dompele en set	in tille dompele en sette
short_VP	shortVPsingNonce	in tille dompele en leit	in tille dompele en lige
short_VP	shortVPsingNonce	in tille dompele en is lang	in tille dompele en binne lang
short_VP	shortVPsingNonce	in tille dompele en is koart	in tille dompele en binne koart
short_VP	shortVPsingNonce	in tille dompele en is âld	in tille dompele en binne âld
short_VP	shortVPsingNonce	in tille dompele en is jong	in tille dompele en binne jong
short_VP	shortVPsingNonce	in tille sinjearret en hat	in tille sinjearret en hawwe
short_VP	shortVPsingNonce	in tille sinjearret en kin	in tille sinjearret en kinne
short_VP	shortVPsingNonce	in tille sinjearret en komt	in tille sinjearret en komme
short_VP	shortVPsingNonce	in tille sinjearret en wit	in tille sinjearret en witte
short_VP	shortVPsingNonce	in tille sinjearret en set	in tille sinjearret en sette
short_VP	shortVPsingNonce	in tille sinjearret en leit	in tille sinjearret en lige
short_VP	shortVPsingNonce	in tille sinjearret en is lang	in tille sinjearret en binne lang
short_VP	shortVPsingNonce	in tille sinjearret en is koart	in tille sinjearret en binne koart
short_VP	shortVPsingNonce	in tille sinjearret en is âld	in tille sinjearret en binne âld
short_VP	shortVPsingNonce	in tille sinjearret en is jong	in tille sinjearret en binne jong
short_VP	shortVPsingNonce	in tsjinbetingst behannelet en hat	in tsjinbetingst behannelet en hawwe
short_VP	shortVPsingNonce	in tsjinbetingst behannelet en kin	in tsjinbetingst behannelet en kinne
short_VP	shortVPsingNonce	in tsjinbetingst behannelet en komt	in tsjinbetingst behannelet en komme
short_VP	shortVPsingNonce	in tsjinbetingst behannelet en wit	in tsjinbetingst behannelet en witte
short_VP	shortVPsingNonce	in tsjinbetingst behannelet en set	in tsjinbetingst behannelet en sette
short_VP	shortVPsingNonce	in tsjinbetingst behannelet en leit	in tsjinbetingst behannelet en lige
short_VP	shortVPsingNonce	in tsjinbetingst behannelet en is lang	in tsjinbetingst behannelet en binne lang
short_VP	shortVPsingNonce	in tsjinbetingst behannelet en is koart	in tsjinbetingst behannelet en binne koart
short_VP	shortVPsingNonce	in tsjinbetingst behannelet en is âld	in tsjinbetingst behannelet en binne âld
short_VP	shortVPsingNonce	in tsjinbetingst behannelet en is jong	in tsjinbetingst behannelet en binne jong
short_VP	shortVPsingNonce	in tsjinbetingst bemoudzje en hat	in tsjinbetingst bemoudzje en hawwe
short_VP	shortVPsingNonce	in tsjinbetingst bemoudzje en kin	in tsjinbetingst bemoudzje en kinne
short_VP	shortVPsingNonce	in tsjinbetingst bemoudzje en komt	in tsjinbetingst bemoudzje en komme
short_VP	shortVPsingNonce	in tsjinbetingst bemoudzje en wit	in tsjinbetingst bemoudzje en witte
short_VP	shortVPsingNonce	in tsjinbetingst bemoudzje en set	in tsjinbetingst bemoudzje en sette
short_VP	shortVPsingNonce	in tsjinbetingst bemoudzje en leit	in tsjinbetingst bemoudzje en lige
short_VP	shortVPsingNonce	in tsjinbetingst bemoudzje en is lang	in tsjinbetingst bemoudzje en binne lang
short_VP	shortVPsingNonce	in tsjinbetingst bemoudzje en is koart	in tsjinbetingst bemoudzje en binne koart
short_VP	shortVPsingNonce	in tsjinbetingst bemoudzje en is âld	in tsjinbetingst bemoudzje en binne âld
short_VP	shortVPsingNonce	in tsjinbetingst bemoudzje en is jong	in tsjinbetingst bemoudzje en binne jong
short_VP	shortVPsingNonce	in tsjinbetingst dompele en hat	in tsjinbetingst dompele en hawwe
short_VP	shortVPsingNonce	in tsjinbetingst dompele en kin	in tsjinbetingst dompele en kinne
short_VP	shortVPsingNonce	in tsjinbetingst dompele en komt	in tsjinbetingst dompele en komme
short_VP	shortVPsingNonce	in tsjinbetingst dompele en wit	in tsjinbetingst dompele en witte
short_VP	shortVPsingNonce	in tsjinbetingst dompele en set	in tsjinbetingst dompele en sette
short_VP	shortVPsingNonce	in tsjinbetingst dompele en leit	in tsjinbetingst dompele en lige
short_VP	shortVPsingNonce	in tsjinbetingst dompele en is lang	in tsjinbetingst dompele en binne lang
short_VP	shortVPsingNonce	in tsjinbetingst dompele en is koart	in tsjinbetingst dompele en binne koart
short_VP	shortVPsingNonce	in tsjinbetingst dompele en is âld	in tsjinbetingst dompele en binne âld
short_VP	shortVPsingNonce	in tsjinbetingst dompele en is jong	in tsjinbetingst dompele en binne jong
short_VP	shortVPsingNonce	in tsjinbetingst sinjearret en hat	in tsjinbetingst sinjearret en hawwe
short_VP	shortVPsingNonce	in tsjinbetingst sinjearret en kin	in tsjinbetingst sinjearret en kinne
short_VP	shortVPsingNonce	in tsjinbetingst sinjearret en komt	in tsjinbetingst sinjearret en komme
short_VP	shortVPsingNonce	in tsjinbetingst sinjearret en wit	in tsjinbetingst sinjearret en witte
short_VP	shortVPsingNonce	in tsjinbetingst sinjearret en set	in tsjinbetingst sinjearret en sette
short_VP	shortVPsingNonce	in tsjinbetingst sinjearret en leit	in tsjinbetingst sinjearret en lige
short_VP	shortVPsingNonce	in tsjinbetingst sinjearret en is lang	in tsjinbetingst sinjearret en binne lang
short_VP	shortVPsingNonce	in tsjinbetingst sinjearret en is koart	in tsjinbetingst sinjearret en binne koart
short_VP	shortVPsingNonce	in tsjinbetingst sinjearret en is âld	in tsjinbetingst sinjearret en binne âld
short_VP	shortVPsingNonce	in tsjinbetingst sinjearret en is jong	in tsjinbetingst sinjearret en binne jong
short_VP	shortVPplurNonce	de ferbetterwurken behannelen en hawwe	de ferbetterwurken behannelen en hat
short_VP	shortVPplurNonce	de ferbetterwurken behannelen en kinne	de ferbetterwurken behannelen en kin
short_VP	shortVPplurNonce	de ferbetterwurken behannelen en komme	de ferbetterwurken behannelen en komt
short_VP	shortVPplurNonce	de ferbetterwurken behannelen en witte	de ferbetterwurken behannelen en wit
short_VP	shortVPplurNonce	de ferbetterwurken behannelen en sette	de ferbetterwurken behannelen en set
short_VP	shortVPplurNonce	de ferbetterwurken behannelen en lige	de ferbetterwurken behannelen en leit
short_VP	shortVPplurNonce	de ferbetterwurken behannelen en binne lang	de ferbetterwurken behannelen en is lang
short_VP	shortVPplurNonce	de ferbetterwurken behannelen en binne koart	de ferbetterwurken behannelen en is koart
short_VP	shortVPplurNonce	de ferbetterwurken behannelen en binne âld	de ferbetterwurken behannelen en is âld
short_VP	shortVPplurNonce	de ferbetterwurken behannelen en binne jong	de ferbetterwurken behannelen en is jong
short_VP	shortVPplurNonce	de ferbetterwurken bemouden en hawwe	de ferbetterwurken bemouden en hat
short_VP	shortVPplurNonce	de ferbetterwurken bemouden en kinne	de ferbetterwurken bemouden en kin
short_VP	shortVPplurNonce	de ferbetterwurken bemouden en komme	de ferbetterwurken bemouden en komt
short_VP	shortVPplurNonce	de ferbetterwurken bemouden en witte	de ferbetterwurken bemouden en wit
short_VP	shortVPplurNonce	de ferbetterwurken bemouden en sette	de ferbetterwurken bemouden en set
short_VP	shortVPplurNonce	de ferbetterwurken bemouden en lige	de ferbetterwurken bemouden en leit
short_VP	shortVPplurNonce	de ferbetterwurken bemouden en binne lang	de ferbetterwurken bemouden en is lang
short_VP	shortVPplurNonce	de ferbetterwurken bemouden en binne koart	de ferbetterwurken bemouden en is koart
short_VP	shortVPplurNonce	de ferbetterwurken bemouden en binne âld	de ferbetterwurken bemouden en is âld
short_VP	shortVPplurNonce	de ferbetterwurken bemouden en binne jong	de ferbetterwurken bemouden en is jong
short_VP	shortVPplurNonce	de ferbetterwurken dompelen en hawwe	de ferbetterwurken dompelen en hat
short_VP	shortVPplurNonce	de ferbetterwurken dompelen en kinne	de ferbetterwurken dompelen en kin
short_VP	shortVPplurNonce	de ferbetterwurken dompelen en komme	de ferbetterwurken dompelen en komt
short_VP	shortVPplurNonce	de ferbetterwurken dompelen en witte	de ferbetterwurken dompelen en wit
short_VP	shortVPplurNonce	de ferbetterwurken dompelen en sette	de ferbetterwurken dompelen en set
short_VP	shortVPplurNonce	de ferbetterwurken dompelen en lige	de ferbetterwurken dompelen en leit
short_VP	shortVPplurNonce	de ferbetterwurken dompelen en binne lang	de ferbetterwurken dompelen en is lang
short_VP	shortVPplurNonce	de ferbetterwurken dompelen en binne koart	de ferbetterwurken dompelen en is koart
short_VP	shortVPplurNonce	de ferbetterwurken dompelen en binne âld	de ferbetterwurken dompelen en is âld
short_VP	shortVPplurNonce	de ferbetterwurken dompelen en binne jong	de ferbetterwurken dompelen en is jong
short_VP	shortVPplurNonce	de ferbetterwurken sinjearen en hawwe	de ferbetterwurken sinjearen en hat
short_VP	shortVPplurNonce	de ferbetterwurken sinjearen en kinne	de ferbetterwurken sinjearen en kin
short_VP	shortVPplurNonce	de ferbetterwurken sinjearen en komme	de ferbetterwurken sinjearen en komt
short_VP	shortVPplurNonce	de ferbetterwurken sinjearen en witte	de ferbetterwurken sinjearen en wit
short_VP	shortVPplurNonce	de ferbetterwurken sinjearen en sette	de ferbetterwurken sinjearen en set
short_VP	shortVPplurNonce	de ferbetterwurken sinjearen en lige	de ferbetterwurken sinjearen en leit
short_VP	shortVPplurNonce	de ferbetterwurken sinjearen en binne lang	de ferbetterwurken sinjearen en is lang
short_VP	shortVPplurNonce	de ferbetterwurken sinjearen en binne koart	de ferbetterwurken sinjearen en is koart
short_VP	shortVPplurNonce	de ferbetterwurken sinjearen en binne âld	de ferbetterwurken sinjearen en is âld
short_VP	shortVPplurNonce	de ferbetterwurken sinjearen en binne jong	de ferbetterwurken sinjearen en is jong
short_VP	shortVPplurNonce	de rasfuotballers behannelen en hawwe	de rasfuotballers behannelen en hat
short_VP	shortVPplurNonce	de rasfuotballers behannelen en kinne	de rasfuotballers behannelen en kin
short_VP	shortVPplurNonce	de rasfuotballers behannelen en komme	de rasfuotballers behannelen en komt
short_VP	shortVPplurNonce	de rasfuotballers behannelen en witte	de rasfuotballers behannelen en wit
short_VP	shortVPplurNonce	de rasfuotballers behannelen en sette	de rasfuotballers behannelen en set
short_VP	shortVPplurNonce	de rasfuotballers behannelen en lige	de rasfuotballers behannelen en leit
short_VP	shortVPplurNonce	de rasfuotballers behannelen en binne lang	de rasfuotballers behannelen en is lang
short_VP	shortVPplurNonce	de rasfuotballers behannelen en binne koart	de rasfuotballers behannelen en is koart
short_VP	shortVPplurNonce	de rasfuotballers behannelen en binne âld	de rasfuotballers behannelen en is âld
short_VP	shortVPplurNonce	de rasfuotballers behannelen en binne jong	de rasfuotballers behannelen en is jong
short_VP	shortVPplurNonce	de rasfuotballers bemouden en hawwe	de rasfuotballers bemouden en hat
short_VP	shortVPplurNonce	de rasfuotballers bemouden en kinne	de rasfuotballers bemouden en kin
short_VP	shortVPplurNonce	de rasfuotballers bemouden en komme	de rasfuotballers bemouden en komt
short_VP	shortVPplurNonce	de rasfuotballers bemouden en witte	de rasfuotballers bemouden en wit
short_VP	shortVPplurNonce	de rasfuotballers bemouden en sette	de rasfuotballers bemouden en set
short_VP	shortVPplurNonce	de rasfuotballers bemouden en lige	de rasfuotballers bemouden en leit
short_VP	shortVPplurNonce	de rasfuotballers bemouden en binne lang	de rasfuotballers bemouden en is lang
short_VP	shortVPplurNonce	de rasfuotballers bemouden en binne koart	de rasfuotballers bemouden en is koart
short_VP	shortVPplurNonce	de rasfuotballers bemouden en binne âld	de rasfuotballers bemouden en is âld
short_VP	shortVPplurNonce	de rasfuotballers bemouden en binne jong	de rasfuotballers bemouden en is jong
short_VP	shortVPplurNonce	de rasfuotballers dompelen en hawwe	de rasfuotballers dompelen en hat
short_VP	shortVPplurNonce	de rasfuotballers dompelen en kinne	de rasfuotballers dompelen en kin
short_VP	shortVPplurNonce	de rasfuotballers dompelen en komme	de rasfuotballers dompelen en komt
short_VP	shortVPplurNonce	de rasfuotballers dompelen en witte	de rasfuotballers dompelen en wit
short_VP	shortVPplurNonce	de rasfuotballers dompelen en sette	de rasfuotballers dompelen en set
short_VP	shortVPplurNonce	de rasfuotballers dompelen en lige	de rasfuotballers dompelen en leit
short_VP	shortVPplurNonce	de rasfuotballers dompelen en binne lang	de rasfuotballers dompelen en is lang
short_VP	shortVPplurNonce	de rasfuotballers dompelen en binne koart	de rasfuotballers dompelen en is koart
short_VP	shortVPplurNonce	de rasfuotballers dompelen en binne âld	de rasfuotballers dompelen en is âld
short_VP	shortVPplurNonce	de rasfuotballers dompelen en binne jong	de rasfuotballers dompelen en is jong
short_VP	shortVPplurNonce	de rasfuotballers sinjearen en hawwe	de rasfuotballers sinjearen en hat
short_VP	shortVPplurNonce	de rasfuotballers sinjearen en kinne	de rasfuotballers sinjearen en kin
short_VP	shortVPplurNonce	de rasfuotballers sinjearen en komme	de rasfuotballers sinjearen en komt
short_VP	shortVPplurNonce	de rasfuotballers sinjearen en witte	de rasfuotballers sinjearen en wit
short_VP	shortVPplurNonce	de rasfuotballers sinjearen en sette	de rasfuotballers sinjearen en set
short_VP	shortVPplurNonce	de rasfuotballers sinjearen en lige	de rasfuotballers sinjearen en leit
short_VP	shortVPplurNonce	de rasfuotballers sinjearen en binne lang	de rasfuotballers sinjearen en is lang
short_VP	shortVPplurNonce	de rasfuotballers sinjearen en binne koart	de rasfuotballers sinjearen en is koart
short_VP	shortVPplurNonce	de rasfuotballers sinjearen en binne âld	de rasfuotballers sinjearen en is âld
short_VP	shortVPplurNonce	de rasfuotballers sinjearen en binne jong	de rasfuotballers sinjearen en is jong
short_VP	shortVPplurNonce	de tillen behannelen en hawwe	de tillen behannelen en hat
short_VP	shortVPplurNonce	de tillen behannelen en kinne	de tillen behannelen en kin
short_VP	shortVPplurNonce	de tillen behannelen en komme	de tillen behannelen en komt
short_VP	shortVPplurNonce	de tillen behannelen en witte	de tillen behannelen en wit
short_VP	shortVPplurNonce	de tillen behannelen en sette	de tillen behannelen en set
short_VP	shortVPplurNonce	de tillen behannelen en lige	de tillen behannelen en leit
short_VP	shortVPplurNonce	de tillen behannelen en binne lang	de tillen behannelen en is lang
short_VP	shortVPplurNonce	de tillen behannelen en binne koart	de tillen behannelen en is koart
short_VP	shortVPplurNonce	de tillen behannelen en binne âld	de tillen behannelen en is âld
short_VP	shortVPplurNonce	de tillen behannelen en binne jong	de tillen behannelen en is jong
short_VP	shortVPplurNonce	de tillen bemouden en hawwe	de tillen bemouden en hat
short_VP	shortVPplurNonce	de tillen bemouden en kinne	de tillen bemouden en kin
short_VP	shortVPplurNonce	de tillen bemouden en komme	de tillen bemouden en komt
short_VP	shortVPplurNonce	de tillen bemouden en witte	de tillen bemouden en wit
short_VP	shortVPplurNonce	de tillen bemouden en sette	de tillen bemouden en set
short_VP	shortVPplurNonce	de tillen bemouden en lige	de tillen bemouden en leit
short_VP	shortVPplurNonce	de tillen bemouden en binne lang	de tillen bemouden en is lang
short_VP	shortVPplurNonce	de tillen bemouden en binne koart	de tillen bemouden en is koart
short_VP	shortVPplurNonce	de tillen bemouden en binne âld	de tillen bemouden en is âld
short_VP	shortVPplurNonce	de tillen bemouden en binne jong	de tillen bemouden en is jong
short_VP	shortVPplurNonce	de tillen dompelen en hawwe	de tillen dompelen en hat
short_VP	shortVPplurNonce	de tillen dompelen en kinne	de tillen dompelen en kin
short_VP	shortVPplurNonce	de tillen dompelen en komme	de tillen dompelen en komt
short_VP	shortVPplurNonce	de tillen dompelen en witte	de tillen dompelen en wit
short_VP	shortVPplurNonce	de tillen dompelen en sette	de tillen dompelen en set
short_VP	shortVPplurNonce	de tillen dompelen en lige	de tillen dompelen en leit
short_VP	shortVPplurNonce	de tillen dompelen en binne lang	de tillen dompelen en is lang
short_VP	shortVPplurNonce	de tillen dompelen en binne koart	de tillen dompelen en is koart
short_VP	shortVPplurNonce	de tillen dompelen en binne âld	de tillen dompelen en is âld
short_VP	shortVPplurNonce	de tillen dompelen en binne jong	de tillen dompelen en is jong
short_VP	shortVPplurNonce	de tillen sinjearen en hawwe	de tillen sinjearen en hat
short_VP	shortVPplurNonce	de tillen sinjearen en kinne	de tillen sinjearen en kin
short_VP	shortVPplurNonce	de tillen sinjearen en komme	de tillen sinjearen en komt
short_VP	shortVPplurNonce	de tillen sinjearen en witte	de tillen sinjearen en wit
short_VP	shortVPplurNonce	de tillen sinjearen en sette	de tillen sinjearen en set
short_VP	shortVPplurNonce	de tillen sinjearen en lige	de tillen sinjearen en leit
short_VP	shortVPplurNonce	de tillen sinjearen en binne lang	de tillen sinjearen en is lang
short_VP	shortVPplurNonce	de tillen sinjearen en binne koart	de tillen sinjearen en is koart
short_VP	shortVPplurNonce	de tillen sinjearen en binne âld	de tillen sinjearen en is âld
short_VP	shortVPplurNonce	de tillen sinjearen en binne jong	de tillen sinjearen en is jong
short_VP	shortVPplurNonce	de tsjinbetingsten behannelen en hawwe	de tsjinbetingsten behannelen en hat
short_VP	shortVPplurNonce	de tsjinbetingsten behannelen en kinne	de tsjinbetingsten behannelen en kin
short_VP	shortVPplurNonce	de tsjinbetingsten behannelen en komme	de tsjinbetingsten behannelen en komt
short_VP	shortVPplurNonce	de tsjinbetingsten behannelen en witte	de tsjinbetingsten behannelen en wit
short_VP	shortVPplurNonce	de tsjinbetingsten behannelen en sette	de tsjinbetingsten behannelen en set
short_VP	shortVPplurNonce	de tsjinbetingsten behannelen en lige	de tsjinbetingsten behannelen en leit
short_VP	shortVPplurNonce	de tsjinbetingsten behannelen en binne lang	de tsjinbetingsten behannelen en is lang
short_VP	shortVPplurNonce	de tsjinbetingsten behannelen en binne koart	de tsjinbetingsten behannelen en is koart
short_VP	shortVPplurNonce	de tsjinbetingsten behannelen en binne âld	de tsjinbetingsten behannelen en is âld
short_VP	shortVPplurNonce	de tsjinbetingsten behannelen en binne jong	de tsjinbetingsten behannelen en is jong
short_VP	shortVPplurNonce	de tsjinbetingsten bemouden en hawwe	de tsjinbetingsten bemouden en hat
short_VP	shortVPplurNonce	de tsjinbetingsten bemouden en kinne	de tsjinbetingsten bemouden en kin
short_VP	shortVPplurNonce	de tsjinbetingsten bemouden en komme	de tsjinbetingsten bemouden en komt
short_VP	shortVPplurNonce	de tsjinbetingsten bemouden en witte	de tsjinbetingsten bemouden en wit
short_VP	shortVPplurNonce	de tsjinbetingsten bemouden en sette	de tsjinbetingsten bemouden en set
short_VP	shortVPplurNonce	de tsjinbetingsten bemouden en lige	de tsjinbetingsten bemouden en leit
short_VP	shortVPplurNonce	de tsjinbetingsten bemouden en binne lang	de tsjinbetingsten bemouden en is lang
short_VP	shortVPplurNonce	de tsjinbetingsten bemouden en binne koart	de tsjinbetingsten bemouden en is koart
short_VP	shortVPplurNonce	de tsjinbetingsten bemouden en binne âld	de tsjinbetingsten bemouden en is âld
short_VP	shortVPplurNonce	de tsjinbetingsten bemouden en binne jong	de tsjinbetingsten bemouden en is jong
short_VP	shortVPplurNonce	de tsjinbetingsten dompelen en hawwe	de tsjinbetingsten dompelen en hat
short_VP	shortVPplurNonce	de tsjinbetingsten dompelen en kinne	de tsjinbetingsten dompelen en kin
short_VP	shortVPplurNonce	de tsjinbetingsten dompelen en komme	de tsjinbetingsten dompelen en komt
short_VP	shortVPplurNonce	de tsjinbetingsten dompelen en witte	de tsjinbetingsten dompelen en wit
short_VP	shortVPplurNonce	de tsjinbetingsten dompelen en sette	de tsjinbetingsten dompelen en set
short_VP	shortVPplurNonce	de tsjinbetingsten dompelen en lige	de tsjinbetingsten dompelen en leit
short_VP	shortVPplurNonce	de tsjinbetingsten dompelen en binne lang	de tsjinbetingsten dompelen en is lang
short_VP	shortVPplurNonce	de tsjinbetingsten dompelen en binne koart	de tsjinbetingsten dompelen en is koart
short_VP	shortVPplurNonce	de tsjinbetingsten dompelen en binne âld	de tsjinbetingsten dompelen en is âld
short_VP	shortVPplurNonce	de tsjinbetingsten dompelen en binne jong	de tsjinbetingsten dompelen en is jong
short_VP	shortVPplurNonce	de tsjinbetingsten sinjearen en hawwe	de tsjinbetingsten sinjearen en hat
short_VP	shortVPplurNonce	de tsjinbetingsten sinjearen en kinne	de tsjinbetingsten sinjearen en kin
short_VP	shortVPplurNonce	de tsjinbetingsten sinjearen en komme	de tsjinbetingsten sinjearen en komt
short_VP	shortVPplurNonce	de tsjinbetingsten sinjearen en witte	de tsjinbetingsten sinjearen en wit
short_VP	shortVPplurNonce	de tsjinbetingsten sinjearen en sette	de tsjinbetingsten sinjearen en set
short_VP	shortVPplurNonce	de tsjinbetingsten sinjearen en lige	de tsjinbetingsten sinjearen en leit
short_VP	shortVPplurNonce	de tsjinbetingsten sinjearen en binne lang	de tsjinbetingsten sinjearen en is lang
short_VP	shortVPplurNonce	de tsjinbetingsten sinjearen en binne koart	de tsjinbetingsten sinjearen en is koart
short_VP	shortVPplurNonce	de tsjinbetingsten sinjearen en binne âld	de tsjinbetingsten sinjearen en is âld
short_VP	shortVPplurNonce	de tsjinbetingsten sinjearen en binne jong	de tsjinbetingsten sinjearen en is jong
