withinobjrel_inanim	wobj_pl	it hûs dat de pakes hawwe is goed	it hûs dat de pakes hat is goed
withinobjrel_inanim	wobj_pl	it hûs dat de pakes hawwe is min	it hûs dat de pakes hat is min
withinobjrel_inanim	wobj_pl	it hûs dat de pakes hawwe is nij	it hûs dat de pakes hat is nij
withinobjrel_inanim	wobj_pl	it hûs dat de pakes hawwe is populêr	it hûs dat de pakes hat is populêr
withinobjrel_inanim	wobj_pl	it hûs dat de boargemasters hawwe is goed	it hûs dat de boargemasters hat is goed
withinobjrel_inanim	wobj_pl	it hûs dat de boargemasters hawwe is min	it hûs dat de boargemasters hat is min
withinobjrel_inanim	wobj_pl	it hûs dat de boargemasters hawwe is nij	it hûs dat de boargemasters hat is nij
withinobjrel_inanim	wobj_pl	it hûs dat de boargemasters hawwe is populêr	it hûs dat de boargemasters hat is populêr
withinobjrel_inanim	wobj_pl	it hûs dat de direkteuren hawwe is goed	it hûs dat de direkteuren hat is goed
withinobjrel_inanim	wobj_pl	it hûs dat de direkteuren hawwe is min	it hûs dat de direkteuren hat is min
withinobjrel_inanim	wobj_pl	it hûs dat de direkteuren hawwe is nij	it hûs dat de direkteuren hat is nij
withinobjrel_inanim	wobj_pl	it hûs dat de direkteuren hawwe is populêr	it hûs dat de direkteuren hat is populêr
withinobjrel_inanim	wobj_pl	it hûs dat de prinsessen hawwe is goed	it hûs dat de prinsessen hat is goed
withinobjrel_inanim	wobj_pl	it hûs dat de prinsessen hawwe is min	it hûs dat de prinsessen hat is min
withinobjrel_inanim	wobj_pl	it hûs dat de prinsessen hawwe is nij	it hûs dat de prinsessen hat is nij
withinobjrel_inanim	wobj_pl	it hûs dat de prinsessen hawwe is populêr	it hûs dat de prinsessen hat is populêr
withinobjrel_inanim	wobj_pl	it hûs dat de foarsitters hawwe is goed	it hûs dat de foarsitters hat is goed
withinobjrel_inanim	wobj_pl	it hûs dat de foarsitters hawwe is min	it hûs dat de foarsitters hat is min
withinobjrel_inanim	wobj_pl	it hûs dat de foarsitters hawwe is nij	it hûs dat de foarsitters hat is nij
withinobjrel_inanim	wobj_pl	it hûs dat de foarsitters hawwe is populêr	it hûs dat de foarsitters hat is populêr
withinobjrel_inanim	wobj_pl	it hûs dat de prinsen hawwe is goed	it hûs dat de prinsen hat is goed
withinobjrel_inanim	wobj_pl	it hûs dat de prinsen hawwe is min	it hûs dat de prinsen hat is min
withinobjrel_inanim	wobj_pl	it hûs dat de prinsen hawwe is nij	it hûs dat de prinsen hat is nij
withinobjrel_inanim	wobj_pl	it hûs dat de prinsen hawwe is populêr	it hûs dat de prinsen hat is populêr
withinobjrel_inanim	wobj_pl	de auto dat de pakes hawwe is goed	de auto dat de pakes hat is goed
withinobjrel_inanim	wobj_pl	de auto dat de pakes hawwe is min	de auto dat de pakes hat is min
withinobjrel_inanim	wobj_pl	de auto dat de pakes hawwe is nij	de auto dat de pakes hat is nij
withinobjrel_inanim	wobj_pl	de auto dat de pakes hawwe is populêr	de auto dat de pakes hat is populêr
withinobjrel_inanim	wobj_pl	de auto dat de boargemasters hawwe is goed	de auto dat de boargemasters hat is goed
withinobjrel_inanim	wobj_pl	de auto dat de boargemasters hawwe is min	de auto dat de boargemasters hat is min
withinobjrel_inanim	wobj_pl	de auto dat de boargemasters hawwe is nij	de auto dat de boargemasters hat is nij
withinobjrel_inanim	wobj_pl	de auto dat de boargemasters hawwe is populêr	de auto dat de boargemasters hat is populêr
withinobjrel_inanim	wobj_pl	de auto dat de direkteuren hawwe is goed	de auto dat de direkteuren hat is goed
withinobjrel_inanim	wobj_pl	de auto dat de direkteuren hawwe is min	de auto dat de direkteuren hat is min
withinobjrel_inanim	wobj_pl	de auto dat de direkteuren hawwe is nij	de auto dat de direkteuren hat is nij
withinobjrel_inanim	wobj_pl	de auto dat de direkteuren hawwe is populêr	de auto dat de direkteuren hat is populêr
withinobjrel_inanim	wobj_pl	de auto dat de prinsessen hawwe is goed	de auto dat de prinsessen hat is goed
withinobjrel_inanim	wobj_pl	de auto dat de prinsessen hawwe is min	de auto dat de prinsessen hat is min
withinobjrel_inanim	wobj_pl	de auto dat de prinsessen hawwe is nij	de auto dat de prinsessen hat is nij
withinobjrel_inanim	wobj_pl	de auto dat de prinsessen hawwe is populêr	de auto dat de prinsessen hat is populêr
withinobjrel_inanim	wobj_pl	de auto dat de foarsitters hawwe is goed	de auto dat de foarsitters hat is goed
withinobjrel_inanim	wobj_pl	de auto dat de foarsitters hawwe is min	de auto dat de foarsitters hat is min
withinobjrel_inanim	wobj_pl	de auto dat de foarsitters hawwe is nij	de auto dat de foarsitters hat is nij
withinobjrel_inanim	wobj_pl	de auto dat de foarsitters hawwe is populêr	de auto dat de foarsitters hat is populêr
withinobjrel_inanim	wobj_pl	de auto dat de prinsen hawwe is goed	de auto dat de prinsen hat is goed
withinobjrel_inanim	wobj_pl	de auto dat de prinsen hawwe is min	de auto dat de prinsen hat is min
withinobjrel_inanim	wobj_pl	de auto dat de prinsen hawwe is nij	de auto dat de prinsen hat is nij
withinobjrel_inanim	wobj_pl	de auto dat de prinsen hawwe is populêr	de auto dat de prinsen hat is populêr
withinobjrel_inanim	wobj_pl	it boek dat de pakes hawwe is goed	it boek dat de pakes hat is goed
withinobjrel_inanim	wobj_pl	it boek dat de pakes hawwe is min	it boek dat de pakes hat is min
withinobjrel_inanim	wobj_pl	it boek dat de pakes hawwe is nij	it boek dat de pakes hat is nij
withinobjrel_inanim	wobj_pl	it boek dat de pakes hawwe is populêr	it boek dat de pakes hat is populêr
withinobjrel_inanim	wobj_pl	it boek dat de boargemasters hawwe is goed	it boek dat de boargemasters hat is goed
withinobjrel_inanim	wobj_pl	it boek dat de boargemasters hawwe is min	it boek dat de boargemasters hat is min
withinobjrel_inanim	wobj_pl	it boek dat de boargemasters hawwe is nij	it boek dat de boargemasters hat is nij
withinobjrel_inanim	wobj_pl	it boek dat de boargemasters hawwe is populêr	it boek dat de boargemasters hat is populêr
withinobjrel_inanim	wobj_pl	it boek dat de direkteuren hawwe is goed	it boek dat de direkteuren hat is goed
withinobjrel_inanim	wobj_pl	it boek dat de direkteuren hawwe is min	it boek dat de direkteuren hat is min
withinobjrel_inanim	wobj_pl	it boek dat de direkteuren hawwe is nij	it boek dat de direkteuren hat is nij
withinobjrel_inanim	wobj_pl	it boek dat de direkteuren hawwe is populêr	it boek dat de direkteuren hat is populêr
withinobjrel_inanim	wobj_pl	it boek dat de prinsessen hawwe is goed	it boek dat de prinsessen hat is goed
withinobjrel_inanim	wobj_pl	it boek dat de prinsessen hawwe is min	it boek dat de prinsessen hat is min
withinobjrel_inanim	wobj_pl	it boek dat de prinsessen hawwe is nij	it boek dat de prinsessen hat is nij
withinobjrel_inanim	wobj_pl	it boek dat de prinsessen hawwe is populêr	it boek dat de prinsessen hat is populêr
withinobjrel_inanim	wobj_pl	it boek dat de foarsitters hawwe is goed	it boek dat de foarsitters hat is goed
withinobjrel_inanim	wobj_pl	it boek dat de foarsitters hawwe is min	it boek dat de foarsitters hat is min
withinobjrel_inanim	wobj_pl	it boek dat de foarsitters hawwe is nij	it boek dat de foarsitters hat is nij
withinobjrel_inanim	wobj_pl	it boek dat de foarsitters hawwe is populêr	it boek dat de foarsitters hat is populêr
withinobjrel_inanim	wobj_pl	it boek dat de prinsen hawwe is goed	it boek dat de prinsen hat is goed
withinobjrel_inanim	wobj_pl	it boek dat de prinsen hawwe is min	it boek dat de prinsen hat is min
withinobjrel_inanim	wobj_pl	it boek dat de prinsen hawwe is nij	it boek dat de prinsen hat is nij
withinobjrel_inanim	wobj_pl	it boek dat de prinsen hawwe is populêr	it boek dat de prinsen hat is populêr
withinobjrel_inanim	wobj_pl	de tafel dat de pakes hawwe is goed	de tafel dat de pakes hat is goed
withinobjrel_inanim	wobj_pl	de tafel dat de pakes hawwe is min	de tafel dat de pakes hat is min
withinobjrel_inanim	wobj_pl	de tafel dat de pakes hawwe is nij	de tafel dat de pakes hat is nij
withinobjrel_inanim	wobj_pl	de tafel dat de pakes hawwe is populêr	de tafel dat de pakes hat is populêr
withinobjrel_inanim	wobj_pl	de tafel dat de boargemasters hawwe is goed	de tafel dat de boargemasters hat is goed
withinobjrel_inanim	wobj_pl	de tafel dat de boargemasters hawwe is min	de tafel dat de boargemasters hat is min
withinobjrel_inanim	wobj_pl	de tafel dat de boargemasters hawwe is nij	de tafel dat de boargemasters hat is nij
withinobjrel_inanim	wobj_pl	de tafel dat de boargemasters hawwe is populêr	de tafel dat de boargemasters hat is populêr
withinobjrel_inanim	wobj_pl	de tafel dat de direkteuren hawwe is goed	de tafel dat de direkteuren hat is goed
withinobjrel_inanim	wobj_pl	de tafel dat de direkteuren hawwe is min	de tafel dat de direkteuren hat is min
withinobjrel_inanim	wobj_pl	de tafel dat de direkteuren hawwe is nij	de tafel dat de direkteuren hat is nij
withinobjrel_inanim	wobj_pl	de tafel dat de direkteuren hawwe is populêr	de tafel dat de direkteuren hat is populêr
withinobjrel_inanim	wobj_pl	de tafel dat de prinsessen hawwe is goed	de tafel dat de prinsessen hat is goed
withinobjrel_inanim	wobj_pl	de tafel dat de prinsessen hawwe is min	de tafel dat de prinsessen hat is min
withinobjrel_inanim	wobj_pl	de tafel dat de prinsessen hawwe is nij	de tafel dat de prinsessen hat is nij
withinobjrel_inanim	wobj_pl	de tafel dat de prinsessen hawwe is populêr	de tafel dat de prinsessen hat is populêr
withinobjrel_inanim	wobj_pl	de tafel dat de foarsitters hawwe is goed	de tafel dat de foarsitters hat is goed
withinobjrel_inanim	wobj_pl	de tafel dat de foarsitters hawwe is min	de tafel dat de foarsitters hat is min
withinobjrel_inanim	wobj_pl	de tafel dat de foarsitters hawwe is nij	de tafel dat de foarsitters hat is nij
withinobjrel_inanim	wobj_pl	de tafel dat de foarsitters hawwe is populêr	de tafel dat de foarsitters hat is populêr
withinobjrel_inanim	wobj_pl	de tafel dat de prinsen hawwe is goed	de tafel dat de prinsen hat is goed
withinobjrel_inanim	wobj_pl	de tafel dat de prinsen hawwe is min	de tafel dat de prinsen hat is min
withinobjrel_inanim	wobj_pl	de tafel dat de prinsen hawwe is nij	de tafel dat de prinsen hat is nij
withinobjrel_inanim	wobj_pl	de tafel dat de prinsen hawwe is populêr	de tafel dat de prinsen hat is populêr
withinobjrel_inanim	wobj_pl	it ding dat de pakes hawwe is goed	it ding dat de pakes hat is goed
withinobjrel_inanim	wobj_pl	it ding dat de pakes hawwe is min	it ding dat de pakes hat is min
withinobjrel_inanim	wobj_pl	it ding dat de pakes hawwe is nij	it ding dat de pakes hat is nij
withinobjrel_inanim	wobj_pl	it ding dat de pakes hawwe is populêr	it ding dat de pakes hat is populêr
withinobjrel_inanim	wobj_pl	it ding dat de boargemasters hawwe is goed	it ding dat de boargemasters hat is goed
withinobjrel_inanim	wobj_pl	it ding dat de boargemasters hawwe is min	it ding dat de boargemasters hat is min
withinobjrel_inanim	wobj_pl	it ding dat de boargemasters hawwe is nij	it ding dat de boargemasters hat is nij
withinobjrel_inanim	wobj_pl	it ding dat de boargemasters hawwe is populêr	it ding dat de boargemasters hat is populêr
withinobjrel_inanim	wobj_pl	it ding dat de direkteuren hawwe is goed	it ding dat de direkteuren hat is goed
withinobjrel_inanim	wobj_pl	it ding dat de direkteuren hawwe is min	it ding dat de direkteuren hat is min
withinobjrel_inanim	wobj_pl	it ding dat de direkteuren hawwe is nij	it ding dat de direkteuren hat is nij
withinobjrel_inanim	wobj_pl	it ding dat de direkteuren hawwe is populêr	it ding dat de direkteuren hat is populêr
withinobjrel_inanim	wobj_pl	it ding dat de prinsessen hawwe is goed	it ding dat de prinsessen hat is goed
withinobjrel_inanim	wobj_pl	it ding dat de prinsessen hawwe is min	it ding dat de prinsessen hat is min
withinobjrel_inanim	wobj_pl	it ding dat de prinsessen hawwe is nij	it ding dat de prinsessen hat is nij
withinobjrel_inanim	wobj_pl	it ding dat de prinsessen hawwe is populêr	it ding dat de prinsessen hat is populêr
withinobjrel_inanim	wobj_pl	it ding dat de foarsitters hawwe is goed	it ding dat de foarsitters hat is goed
withinobjrel_inanim	wobj_pl	it ding dat de foarsitters hawwe is min	it ding dat de foarsitters hat is min
withinobjrel_inanim	wobj_pl	it ding dat de foarsitters hawwe is nij	it ding dat de foarsitters hat is nij
withinobjrel_inanim	wobj_pl	it ding dat de foarsitters hawwe is populêr	it ding dat de foarsitters hat is populêr
withinobjrel_inanim	wobj_pl	it ding dat de prinsen hawwe is goed	it ding dat de prinsen hat is goed
withinobjrel_inanim	wobj_pl	it ding dat de prinsen hawwe is min	it ding dat de prinsen hat is min
withinobjrel_inanim	wobj_pl	it ding dat de prinsen hawwe is nij	it ding dat de prinsen hat is nij
withinobjrel_inanim	wobj_pl	it ding dat de prinsen hawwe is populêr	it ding dat de prinsen hat is populêr
withinobjrel_inanim	wojb_sg	de huzen dy't in pake hat benne goed	de huzen dy't in pake hawwe benne goed
withinobjrel_inanim	wojb_sg	de huzen dy't in pake hat benne min	de huzen dy't in pake hawwe benne min
withinobjrel_inanim	wojb_sg	de huzen dy't in pake hat benne nij	de huzen dy't in pake hawwe benne nij
withinobjrel_inanim	wojb_sg	de huzen dy't in pake hat benne populêr	de huzen dy't in pake hawwe benne populêr
withinobjrel_inanim	wojb_sg	de huzen dy't in boargemaster hat benne goed	de huzen dy't in boargemaster hawwe benne goed
withinobjrel_inanim	wojb_sg	de huzen dy't in boargemaster hat benne min	de huzen dy't in boargemaster hawwe benne min
withinobjrel_inanim	wojb_sg	de huzen dy't in boargemaster hat benne nij	de huzen dy't in boargemaster hawwe benne nij
withinobjrel_inanim	wojb_sg	de huzen dy't in boargemaster hat benne populêr	de huzen dy't in boargemaster hawwe benne populêr
withinobjrel_inanim	wojb_sg	de huzen dy't in direkteur hat benne goed	de huzen dy't in direkteur hawwe benne goed
withinobjrel_inanim	wojb_sg	de huzen dy't in direkteur hat benne min	de huzen dy't in direkteur hawwe benne min
withinobjrel_inanim	wojb_sg	de huzen dy't in direkteur hat benne nij	de huzen dy't in direkteur hawwe benne nij
withinobjrel_inanim	wojb_sg	de huzen dy't in direkteur hat benne populêr	de huzen dy't in direkteur hawwe benne populêr
withinobjrel_inanim	wojb_sg	de huzen dy't in prinses hat benne goed	de huzen dy't in prinses hawwe benne goed
withinobjrel_inanim	wojb_sg	de huzen dy't in prinses hat benne min	de huzen dy't in prinses hawwe benne min
withinobjrel_inanim	wojb_sg	de huzen dy't in prinses hat benne nij	de huzen dy't in prinses hawwe benne nij
withinobjrel_inanim	wojb_sg	de huzen dy't in prinses hat benne populêr	de huzen dy't in prinses hawwe benne populêr
withinobjrel_inanim	wojb_sg	de huzen dy't in foarsitter hat benne goed	de huzen dy't in foarsitter hawwe benne goed
withinobjrel_inanim	wojb_sg	de huzen dy't in foarsitter hat benne min	de huzen dy't in foarsitter hawwe benne min
withinobjrel_inanim	wojb_sg	de huzen dy't in foarsitter hat benne nij	de huzen dy't in foarsitter hawwe benne nij
withinobjrel_inanim	wojb_sg	de huzen dy't in foarsitter hat benne populêr	de huzen dy't in foarsitter hawwe benne populêr
withinobjrel_inanim	wojb_sg	de huzen dy't in prins hat benne goed	de huzen dy't in prins hawwe benne goed
withinobjrel_inanim	wojb_sg	de huzen dy't in prins hat benne min	de huzen dy't in prins hawwe benne min
withinobjrel_inanim	wojb_sg	de huzen dy't in prins hat benne nij	de huzen dy't in prins hawwe benne nij
withinobjrel_inanim	wojb_sg	de huzen dy't in prins hat benne populêr	de huzen dy't in prins hawwe benne populêr
withinobjrel_inanim	wojb_sg	de auto's dy't in pake hat benne goed	de auto's dy't in pake hawwe benne goed
withinobjrel_inanim	wojb_sg	de auto's dy't in pake hat benne min	de auto's dy't in pake hawwe benne min
withinobjrel_inanim	wojb_sg	de auto's dy't in pake hat benne nij	de auto's dy't in pake hawwe benne nij
withinobjrel_inanim	wojb_sg	de auto's dy't in pake hat benne populêr	de auto's dy't in pake hawwe benne populêr
withinobjrel_inanim	wojb_sg	de auto's dy't in boargemaster hat benne goed	de auto's dy't in boargemaster hawwe benne goed
withinobjrel_inanim	wojb_sg	de auto's dy't in boargemaster hat benne min	de auto's dy't in boargemaster hawwe benne min
withinobjrel_inanim	wojb_sg	de auto's dy't in boargemaster hat benne nij	de auto's dy't in boargemaster hawwe benne nij
withinobjrel_inanim	wojb_sg	de auto's dy't in boargemaster hat benne populêr	de auto's dy't in boargemaster hawwe benne populêr
withinobjrel_inanim	wojb_sg	de auto's dy't in direkteur hat benne goed	de auto's dy't in direkteur hawwe benne goed
withinobjrel_inanim	wojb_sg	de auto's dy't in direkteur hat benne min	de auto's dy't in direkteur hawwe benne min
withinobjrel_inanim	wojb_sg	de auto's dy't in direkteur hat benne nij	de auto's dy't in direkteur hawwe benne nij
withinobjrel_inanim	wojb_sg	de auto's dy't in direkteur hat benne populêr	de auto's dy't in direkteur hawwe benne populêr
withinobjrel_inanim	wojb_sg	de auto's dy't in prinses hat benne goed	de auto's dy't in prinses hawwe benne goed
withinobjrel_inanim	wojb_sg	de auto's dy't in prinses hat benne min	de auto's dy't in prinses hawwe benne min
withinobjrel_inanim	wojb_sg	de auto's dy't in prinses hat benne nij	de auto's dy't in prinses hawwe benne nij
withinobjrel_inanim	wojb_sg	de auto's dy't in prinses hat benne populêr	de auto's dy't in prinses hawwe benne populêr
withinobjrel_inanim	wojb_sg	de auto's dy't in foarsitter hat benne goed	de auto's dy't in foarsitter hawwe benne goed
withinobjrel_inanim	wojb_sg	de auto's dy't in foarsitter hat benne min	de auto's dy't in foarsitter hawwe benne min
withinobjrel_inanim	wojb_sg	de auto's dy't in foarsitter hat benne nij	de auto's dy't in foarsitter hawwe benne nij
withinobjrel_inanim	wojb_sg	de auto's dy't in foarsitter hat benne populêr	de auto's dy't in foarsitter hawwe benne populêr
withinobjrel_inanim	wojb_sg	de auto's dy't in prins hat benne goed	de auto's dy't in prins hawwe benne goed
withinobjrel_inanim	wojb_sg	de auto's dy't in prins hat benne min	de auto's dy't in prins hawwe benne min
withinobjrel_inanim	wojb_sg	de auto's dy't in prins hat benne nij	de auto's dy't in prins hawwe benne nij
withinobjrel_inanim	wojb_sg	de auto's dy't in prins hat benne populêr	de auto's dy't in prins hawwe benne populêr
withinobjrel_inanim	wojb_sg	de boeken dy't in pake hat benne goed	de boeken dy't in pake hawwe benne goed
withinobjrel_inanim	wojb_sg	de boeken dy't in pake hat benne min	de boeken dy't in pake hawwe benne min
withinobjrel_inanim	wojb_sg	de boeken dy't in pake hat benne nij	de boeken dy't in pake hawwe benne nij
withinobjrel_inanim	wojb_sg	de boeken dy't in pake hat benne populêr	de boeken dy't in pake hawwe benne populêr
withinobjrel_inanim	wojb_sg	de boeken dy't in boargemaster hat benne goed	de boeken dy't in boargemaster hawwe benne goed
withinobjrel_inanim	wojb_sg	de boeken dy't in boargemaster hat benne min	de boeken dy't in boargemaster hawwe benne min
withinobjrel_inanim	wojb_sg	de boeken dy't in boargemaster hat benne nij	de boeken dy't in boargemaster hawwe benne nij
withinobjrel_inanim	wojb_sg	de boeken dy't in boargemaster hat benne populêr	de boeken dy't in boargemaster hawwe benne populêr
withinobjrel_inanim	wojb_sg	de boeken dy't in direkteur hat benne goed	de boeken dy't in direkteur hawwe benne goed
withinobjrel_inanim	wojb_sg	de boeken dy't in direkteur hat benne min	de boeken dy't in direkteur hawwe benne min
withinobjrel_inanim	wojb_sg	de boeken dy't in direkteur hat benne nij	de boeken dy't in direkteur hawwe benne nij
withinobjrel_inanim	wojb_sg	de boeken dy't in direkteur hat benne populêr	de boeken dy't in direkteur hawwe benne populêr
withinobjrel_inanim	wojb_sg	de boeken dy't in prinses hat benne goed	de boeken dy't in prinses hawwe benne goed
withinobjrel_inanim	wojb_sg	de boeken dy't in prinses hat benne min	de boeken dy't in prinses hawwe benne min
withinobjrel_inanim	wojb_sg	de boeken dy't in prinses hat benne nij	de boeken dy't in prinses hawwe benne nij
withinobjrel_inanim	wojb_sg	de boeken dy't in prinses hat benne populêr	de boeken dy't in prinses hawwe benne populêr
withinobjrel_inanim	wojb_sg	de boeken dy't in foarsitter hat benne goed	de boeken dy't in foarsitter hawwe benne goed
withinobjrel_inanim	wojb_sg	de boeken dy't in foarsitter hat benne min	de boeken dy't in foarsitter hawwe benne min
withinobjrel_inanim	wojb_sg	de boeken dy't in foarsitter hat benne nij	de boeken dy't in foarsitter hawwe benne nij
withinobjrel_inanim	wojb_sg	de boeken dy't in foarsitter hat benne populêr	de boeken dy't in foarsitter hawwe benne populêr
withinobjrel_inanim	wojb_sg	de boeken dy't in prins hat benne goed	de boeken dy't in prins hawwe benne goed
withinobjrel_inanim	wojb_sg	de boeken dy't in prins hat benne min	de boeken dy't in prins hawwe benne min
withinobjrel_inanim	wojb_sg	de boeken dy't in prins hat benne nij	de boeken dy't in prins hawwe benne nij
withinobjrel_inanim	wojb_sg	de boeken dy't in prins hat benne populêr	de boeken dy't in prins hawwe benne populêr
withinobjrel_inanim	wojb_sg	de tafels dy't in pake hat benne goed	de tafels dy't in pake hawwe benne goed
withinobjrel_inanim	wojb_sg	de tafels dy't in pake hat benne min	de tafels dy't in pake hawwe benne min
withinobjrel_inanim	wojb_sg	de tafels dy't in pake hat benne nij	de tafels dy't in pake hawwe benne nij
withinobjrel_inanim	wojb_sg	de tafels dy't in pake hat benne populêr	de tafels dy't in pake hawwe benne populêr
withinobjrel_inanim	wojb_sg	de tafels dy't in boargemaster hat benne goed	de tafels dy't in boargemaster hawwe benne goed
withinobjrel_inanim	wojb_sg	de tafels dy't in boargemaster hat benne min	de tafels dy't in boargemaster hawwe benne min
withinobjrel_inanim	wojb_sg	de tafels dy't in boargemaster hat benne nij	de tafels dy't in boargemaster hawwe benne nij
withinobjrel_inanim	wojb_sg	de tafels dy't in boargemaster hat benne populêr	de tafels dy't in boargemaster hawwe benne populêr
withinobjrel_inanim	wojb_sg	de tafels dy't in direkteur hat benne goed	de tafels dy't in direkteur hawwe benne goed
withinobjrel_inanim	wojb_sg	de tafels dy't in direkteur hat benne min	de tafels dy't in direkteur hawwe benne min
withinobjrel_inanim	wojb_sg	de tafels dy't in direkteur hat benne nij	de tafels dy't in direkteur hawwe benne nij
withinobjrel_inanim	wojb_sg	de tafels dy't in direkteur hat benne populêr	de tafels dy't in direkteur hawwe benne populêr
withinobjrel_inanim	wojb_sg	de tafels dy't in prinses hat benne goed	de tafels dy't in prinses hawwe benne goed
withinobjrel_inanim	wojb_sg	de tafels dy't in prinses hat benne min	de tafels dy't in prinses hawwe benne min
withinobjrel_inanim	wojb_sg	de tafels dy't in prinses hat benne nij	de tafels dy't in prinses hawwe benne nij
withinobjrel_inanim	wojb_sg	de tafels dy't in prinses hat benne populêr	de tafels dy't in prinses hawwe benne populêr
withinobjrel_inanim	wojb_sg	de tafels dy't in foarsitter hat benne goed	de tafels dy't in foarsitter hawwe benne goed
withinobjrel_inanim	wojb_sg	de tafels dy't in foarsitter hat benne min	de tafels dy't in foarsitter hawwe benne min
withinobjrel_inanim	wojb_sg	de tafels dy't in foarsitter hat benne nij	de tafels dy't in foarsitter hawwe benne nij
withinobjrel_inanim	wojb_sg	de tafels dy't in foarsitter hat benne populêr	de tafels dy't in foarsitter hawwe benne populêr
withinobjrel_inanim	wojb_sg	de tafels dy't in prins hat benne goed	de tafels dy't in prins hawwe benne goed
withinobjrel_inanim	wojb_sg	de tafels dy't in prins hat benne min	de tafels dy't in prins hawwe benne min
withinobjrel_inanim	wojb_sg	de tafels dy't in prins hat benne nij	de tafels dy't in prins hawwe benne nij
withinobjrel_inanim	wojb_sg	de tafels dy't in prins hat benne populêr	de tafels dy't in prins hawwe benne populêr
withinobjrel_inanim	wojb_sg	de dingen dy't in pake hat benne goed	de dingen dy't in pake hawwe benne goed
withinobjrel_inanim	wojb_sg	de dingen dy't in pake hat benne min	de dingen dy't in pake hawwe benne min
withinobjrel_inanim	wojb_sg	de dingen dy't in pake hat benne nij	de dingen dy't in pake hawwe benne nij
withinobjrel_inanim	wojb_sg	de dingen dy't in pake hat benne populêr	de dingen dy't in pake hawwe benne populêr
withinobjrel_inanim	wojb_sg	de dingen dy't in boargemaster hat benne goed	de dingen dy't in boargemaster hawwe benne goed
withinobjrel_inanim	wojb_sg	de dingen dy't in boargemaster hat benne min	de dingen dy't in boargemaster hawwe benne min
withinobjrel_inanim	wojb_sg	de dingen dy't in boargemaster hat benne nij	de dingen dy't in boargemaster hawwe benne nij
withinobjrel_inanim	wojb_sg	de dingen dy't in boargemaster hat benne populêr	de dingen dy't in boargemaster hawwe benne populêr
withinobjrel_inanim	wojb_sg	de dingen dy't in direkteur hat benne goed	de dingen dy't in direkteur hawwe benne goed
withinobjrel_inanim	wojb_sg	de dingen dy't in direkteur hat benne min	de dingen dy't in direkteur hawwe benne min
withinobjrel_inanim	wojb_sg	de dingen dy't in direkteur hat benne nij	de dingen dy't in direkteur hawwe benne nij
withinobjrel_inanim	wojb_sg	de dingen dy't in direkteur hat benne populêr	de dingen dy't in direkteur hawwe benne populêr
withinobjrel_inanim	wojb_sg	de dingen dy't in prinses hat benne goed	de dingen dy't in prinses hawwe benne goed
withinobjrel_inanim	wojb_sg	de dingen dy't in prinses hat benne min	de dingen dy't in prinses hawwe benne min
withinobjrel_inanim	wojb_sg	de dingen dy't in prinses hat benne nij	de dingen dy't in prinses hawwe benne nij
withinobjrel_inanim	wojb_sg	de dingen dy't in prinses hat benne populêr	de dingen dy't in prinses hawwe benne populêr
withinobjrel_inanim	wojb_sg	de dingen dy't in foarsitter hat benne goed	de dingen dy't in foarsitter hawwe benne goed
withinobjrel_inanim	wojb_sg	de dingen dy't in foarsitter hat benne min	de dingen dy't in foarsitter hawwe benne min
withinobjrel_inanim	wojb_sg	de dingen dy't in foarsitter hat benne nij	de dingen dy't in foarsitter hawwe benne nij
withinobjrel_inanim	wojb_sg	de dingen dy't in foarsitter hat benne populêr	de dingen dy't in foarsitter hawwe benne populêr
withinobjrel_inanim	wojb_sg	de dingen dy't in prins hat benne goed	de dingen dy't in prins hawwe benne goed
withinobjrel_inanim	wojb_sg	de dingen dy't in prins hat benne min	de dingen dy't in prins hawwe benne min
withinobjrel_inanim	wojb_sg	de dingen dy't in prins hat benne nij	de dingen dy't in prins hawwe benne nij
withinobjrel_inanim	wojb_sg	de dingen dy't in prins hat benne populêr	de dingen dy't in prins hawwe benne populêr
withinobjrel_inanim	wobj_plNonce	in buertwinkeltsje dat de mearke-eftigen hawwe beieret	in buertwinkeltsje dat de mearke-eftigen hat beieret
withinobjrel_inanim	wobj_plNonce	in buertwinkeltsje dat de mearke-eftigen hawwe eftersit	in buertwinkeltsje dat de mearke-eftigen hat eftersit
withinobjrel_inanim	wobj_plNonce	in buertwinkeltsje dat de mearke-eftigen hawwe rikte	in buertwinkeltsje dat de mearke-eftigen hat rikte
withinobjrel_inanim	wobj_plNonce	in buertwinkeltsje dat de mearke-eftigen hawwe sensurearre	in buertwinkeltsje dat de mearke-eftigen hat sensurearre
withinobjrel_inanim	wobj_plNonce	in buertwinkeltsje dat de skipsongelokken hawwe beieret	in buertwinkeltsje dat de skipsongelokken hat beieret
withinobjrel_inanim	wobj_plNonce	in buertwinkeltsje dat de skipsongelokken hawwe eftersit	in buertwinkeltsje dat de skipsongelokken hat eftersit
withinobjrel_inanim	wobj_plNonce	in buertwinkeltsje dat de skipsongelokken hawwe rikte	in buertwinkeltsje dat de skipsongelokken hat rikte
withinobjrel_inanim	wobj_plNonce	in buertwinkeltsje dat de skipsongelokken hawwe sensurearre	in buertwinkeltsje dat de skipsongelokken hat sensurearre
withinobjrel_inanim	wobj_plNonce	in buertwinkeltsje dat de sloopbedriuwen hawwe beieret	in buertwinkeltsje dat de sloopbedriuwen hat beieret
withinobjrel_inanim	wobj_plNonce	in buertwinkeltsje dat de sloopbedriuwen hawwe eftersit	in buertwinkeltsje dat de sloopbedriuwen hat eftersit
withinobjrel_inanim	wobj_plNonce	in buertwinkeltsje dat de sloopbedriuwen hawwe rikte	in buertwinkeltsje dat de sloopbedriuwen hat rikte
withinobjrel_inanim	wobj_plNonce	in buertwinkeltsje dat de sloopbedriuwen hawwe sensurearre	in buertwinkeltsje dat de sloopbedriuwen hat sensurearre
withinobjrel_inanim	wobj_plNonce	in buertwinkeltsje dat de strontkroaden hawwe beieret	in buertwinkeltsje dat de strontkroaden hat beieret
withinobjrel_inanim	wobj_plNonce	in buertwinkeltsje dat de strontkroaden hawwe eftersit	in buertwinkeltsje dat de strontkroaden hat eftersit
withinobjrel_inanim	wobj_plNonce	in buertwinkeltsje dat de strontkroaden hawwe rikte	in buertwinkeltsje dat de strontkroaden hat rikte
withinobjrel_inanim	wobj_plNonce	in buertwinkeltsje dat de strontkroaden hawwe sensurearre	in buertwinkeltsje dat de strontkroaden hat sensurearre
withinobjrel_inanim	wobj_plNonce	in koarddûnser dat de mearke-eftigen hawwe beieret	in koarddûnser dat de mearke-eftigen hat beieret
withinobjrel_inanim	wobj_plNonce	in koarddûnser dat de mearke-eftigen hawwe eftersit	in koarddûnser dat de mearke-eftigen hat eftersit
withinobjrel_inanim	wobj_plNonce	in koarddûnser dat de mearke-eftigen hawwe rikte	in koarddûnser dat de mearke-eftigen hat rikte
withinobjrel_inanim	wobj_plNonce	in koarddûnser dat de mearke-eftigen hawwe sensurearre	in koarddûnser dat de mearke-eftigen hat sensurearre
withinobjrel_inanim	wobj_plNonce	in koarddûnser dat de skipsongelokken hawwe beieret	in koarddûnser dat de skipsongelokken hat beieret
withinobjrel_inanim	wobj_plNonce	in koarddûnser dat de skipsongelokken hawwe eftersit	in koarddûnser dat de skipsongelokken hat eftersit
withinobjrel_inanim	wobj_plNonce	in koarddûnser dat de skipsongelokken hawwe rikte	in koarddûnser dat de skipsongelokken hat rikte
withinobjrel_inanim	wobj_plNonce	in koarddûnser dat de skipsongelokken hawwe sensurearre	in koarddûnser dat de skipsongelokken hat sensurearre
withinobjrel_inanim	wobj_plNonce	in koarddûnser dat de sloopbedriuwen hawwe beieret	in koarddûnser dat de sloopbedriuwen hat beieret
withinobjrel_inanim	wobj_plNonce	in koarddûnser dat de sloopbedriuwen hawwe eftersit	in koarddûnser dat de sloopbedriuwen hat eftersit
withinobjrel_inanim	wobj_plNonce	in koarddûnser dat de sloopbedriuwen hawwe rikte	in koarddûnser dat de sloopbedriuwen hat rikte
withinobjrel_inanim	wobj_plNonce	in koarddûnser dat de sloopbedriuwen hawwe sensurearre	in koarddûnser dat de sloopbedriuwen hat sensurearre
withinobjrel_inanim	wobj_plNonce	in koarddûnser dat de strontkroaden hawwe beieret	in koarddûnser dat de strontkroaden hat beieret
withinobjrel_inanim	wobj_plNonce	in koarddûnser dat de strontkroaden hawwe eftersit	in koarddûnser dat de strontkroaden hat eftersit
withinobjrel_inanim	wobj_plNonce	in koarddûnser dat de strontkroaden hawwe rikte	in koarddûnser dat de strontkroaden hat rikte
withinobjrel_inanim	wobj_plNonce	in koarddûnser dat de strontkroaden hawwe sensurearre	in koarddûnser dat de strontkroaden hat sensurearre
withinobjrel_inanim	wobj_plNonce	in tichelwurkje dat de mearke-eftigen hawwe beieret	in tichelwurkje dat de mearke-eftigen hat beieret
withinobjrel_inanim	wobj_plNonce	in tichelwurkje dat de mearke-eftigen hawwe eftersit	in tichelwurkje dat de mearke-eftigen hat eftersit
withinobjrel_inanim	wobj_plNonce	in tichelwurkje dat de mearke-eftigen hawwe rikte	in tichelwurkje dat de mearke-eftigen hat rikte
withinobjrel_inanim	wobj_plNonce	in tichelwurkje dat de mearke-eftigen hawwe sensurearre	in tichelwurkje dat de mearke-eftigen hat sensurearre
withinobjrel_inanim	wobj_plNonce	in tichelwurkje dat de skipsongelokken hawwe beieret	in tichelwurkje dat de skipsongelokken hat beieret
withinobjrel_inanim	wobj_plNonce	in tichelwurkje dat de skipsongelokken hawwe eftersit	in tichelwurkje dat de skipsongelokken hat eftersit
withinobjrel_inanim	wobj_plNonce	in tichelwurkje dat de skipsongelokken hawwe rikte	in tichelwurkje dat de skipsongelokken hat rikte
withinobjrel_inanim	wobj_plNonce	in tichelwurkje dat de skipsongelokken hawwe sensurearre	in tichelwurkje dat de skipsongelokken hat sensurearre
withinobjrel_inanim	wobj_plNonce	in tichelwurkje dat de sloopbedriuwen hawwe beieret	in tichelwurkje dat de sloopbedriuwen hat beieret
withinobjrel_inanim	wobj_plNonce	in tichelwurkje dat de sloopbedriuwen hawwe eftersit	in tichelwurkje dat de sloopbedriuwen hat eftersit
withinobjrel_inanim	wobj_plNonce	in tichelwurkje dat de sloopbedriuwen hawwe rikte	in tichelwurkje dat de sloopbedriuwen hat rikte
withinobjrel_inanim	wobj_plNonce	in tichelwurkje dat de sloopbedriuwen hawwe sensurearre	in tichelwurkje dat de sloopbedriuwen hat sensurearre
withinobjrel_inanim	wobj_plNonce	in tichelwurkje dat de strontkroaden hawwe beieret	in tichelwurkje dat de strontkroaden hat beieret
withinobjrel_inanim	wobj_plNonce	in tichelwurkje dat de strontkroaden hawwe eftersit	in tichelwurkje dat de strontkroaden hat eftersit
withinobjrel_inanim	wobj_plNonce	in tichelwurkje dat de strontkroaden hawwe rikte	in tichelwurkje dat de strontkroaden hat rikte
withinobjrel_inanim	wobj_plNonce	in tichelwurkje dat de strontkroaden hawwe sensurearre	in tichelwurkje dat de strontkroaden hat sensurearre
withinobjrel_inanim	wobj_plNonce	in timer dat de mearke-eftigen hawwe beieret	in timer dat de mearke-eftigen hat beieret
withinobjrel_inanim	wobj_plNonce	in timer dat de mearke-eftigen hawwe eftersit	in timer dat de mearke-eftigen hat eftersit
withinobjrel_inanim	wobj_plNonce	in timer dat de mearke-eftigen hawwe rikte	in timer dat de mearke-eftigen hat rikte
withinobjrel_inanim	wobj_plNonce	in timer dat de mearke-eftigen hawwe sensurearre	in timer dat de mearke-eftigen hat sensurearre
withinobjrel_inanim	wobj_plNonce	in timer dat de skipsongelokken hawwe beieret	in timer dat de skipsongelokken hat beieret
withinobjrel_inanim	wobj_plNonce	in timer dat de skipsongelokken hawwe eftersit	in timer dat de skipsongelokken hat eftersit
withinobjrel_inanim	wobj_plNonce	in timer dat de skipsongelokken hawwe rikte	in timer dat de skipsongelokken hat rikte
withinobjrel_inanim	wobj_plNonce	in timer dat de skipsongelokken hawwe sensurearre	in timer dat de skipsongelokken hat sensurearre
withinobjrel_inanim	wobj_plNonce	in timer dat de sloopbedriuwen hawwe beieret	in timer dat de sloopbedriuwen hat beieret
withinobjrel_inanim	wobj_plNonce	in timer dat de sloopbedriuwen hawwe eftersit	in timer dat de sloopbedriuwen hat eftersit
withinobjrel_inanim	wobj_plNonce	in timer dat de sloopbedriuwen hawwe rikte	in timer dat de sloopbedriuwen hat rikte
withinobjrel_inanim	wobj_plNonce	in timer dat de sloopbedriuwen hawwe sensurearre	in timer dat de sloopbedriuwen hat sensurearre
withinobjrel_inanim	wobj_plNonce	in timer dat de strontkroaden hawwe beieret	in timer dat de strontkroaden hat beieret
withinobjrel_inanim	wobj_plNonce	in timer dat de strontkroaden hawwe eftersit	in timer dat de strontkroaden hat eftersit
withinobjrel_inanim	wobj_plNonce	in timer dat de strontkroaden hawwe rikte	in timer dat de strontkroaden hat rikte
withinobjrel_inanim	wobj_plNonce	in timer dat de strontkroaden hawwe sensurearre	in timer dat de strontkroaden hat sensurearre
withinobjrel_inanim	wobj_sgNonce	de buertwinkeltsjes dy't in mearke-eftichste hat beieren	de buertwinkeltsjes dy't in mearke-eftichste hawwe beieren
withinobjrel_inanim	wobj_sgNonce	de buertwinkeltsjes dy't in mearke-eftichste hat eftersitte	de buertwinkeltsjes dy't in mearke-eftichste hawwe eftersitte
withinobjrel_inanim	wobj_sgNonce	de buertwinkeltsjes dy't in mearke-eftichste hat rikke	de buertwinkeltsjes dy't in mearke-eftichste hawwe rikke
withinobjrel_inanim	wobj_sgNonce	de buertwinkeltsjes dy't in mearke-eftichste hat sensurearen	de buertwinkeltsjes dy't in mearke-eftichste hawwe sensurearen
withinobjrel_inanim	wobj_sgNonce	de buertwinkeltsjes dy't in skipsongelok hat beieren	de buertwinkeltsjes dy't in skipsongelok hawwe beieren
withinobjrel_inanim	wobj_sgNonce	de buertwinkeltsjes dy't in skipsongelok hat eftersitte	de buertwinkeltsjes dy't in skipsongelok hawwe eftersitte
withinobjrel_inanim	wobj_sgNonce	de buertwinkeltsjes dy't in skipsongelok hat rikke	de buertwinkeltsjes dy't in skipsongelok hawwe rikke
withinobjrel_inanim	wobj_sgNonce	de buertwinkeltsjes dy't in skipsongelok hat sensurearen	de buertwinkeltsjes dy't in skipsongelok hawwe sensurearen
withinobjrel_inanim	wobj_sgNonce	de buertwinkeltsjes dy't in sloopbedriuwke hat beieren	de buertwinkeltsjes dy't in sloopbedriuwke hawwe beieren
withinobjrel_inanim	wobj_sgNonce	de buertwinkeltsjes dy't in sloopbedriuwke hat eftersitte	de buertwinkeltsjes dy't in sloopbedriuwke hawwe eftersitte
withinobjrel_inanim	wobj_sgNonce	de buertwinkeltsjes dy't in sloopbedriuwke hat rikke	de buertwinkeltsjes dy't in sloopbedriuwke hawwe rikke
withinobjrel_inanim	wobj_sgNonce	de buertwinkeltsjes dy't in sloopbedriuwke hat sensurearen	de buertwinkeltsjes dy't in sloopbedriuwke hawwe sensurearen
withinobjrel_inanim	wobj_sgNonce	de buertwinkeltsjes dy't in strontkroade hat beieren	de buertwinkeltsjes dy't in strontkroade hawwe beieren
withinobjrel_inanim	wobj_sgNonce	de buertwinkeltsjes dy't in strontkroade hat eftersitte	de buertwinkeltsjes dy't in strontkroade hawwe eftersitte
withinobjrel_inanim	wobj_sgNonce	de buertwinkeltsjes dy't in strontkroade hat rikke	de buertwinkeltsjes dy't in strontkroade hawwe rikke
withinobjrel_inanim	wobj_sgNonce	de buertwinkeltsjes dy't in strontkroade hat sensurearen	de buertwinkeltsjes dy't in strontkroade hawwe sensurearen
withinobjrel_inanim	wobj_sgNonce	de koarddûnsers dy't in mearke-eftichste hat beieren	de koarddûnsers dy't in mearke-eftichste hawwe beieren
withinobjrel_inanim	wobj_sgNonce	de koarddûnsers dy't in mearke-eftichste hat eftersitte	de koarddûnsers dy't in mearke-eftichste hawwe eftersitte
withinobjrel_inanim	wobj_sgNonce	de koarddûnsers dy't in mearke-eftichste hat rikke	de koarddûnsers dy't in mearke-eftichste hawwe rikke
withinobjrel_inanim	wobj_sgNonce	de koarddûnsers dy't in mearke-eftichste hat sensurearen	de koarddûnsers dy't in mearke-eftichste hawwe sensurearen
withinobjrel_inanim	wobj_sgNonce	de koarddûnsers dy't in skipsongelok hat beieren	de koarddûnsers dy't in skipsongelok hawwe beieren
withinobjrel_inanim	wobj_sgNonce	de koarddûnsers dy't in skipsongelok hat eftersitte	de koarddûnsers dy't in skipsongelok hawwe eftersitte
withinobjrel_inanim	wobj_sgNonce	de koarddûnsers dy't in skipsongelok hat rikke	de koarddûnsers dy't in skipsongelok hawwe rikke
withinobjrel_inanim	wobj_sgNonce	de koarddûnsers dy't in skipsongelok hat sensurearen	de koarddûnsers dy't in skipsongelok hawwe sensurearen
withinobjrel_inanim	wobj_sgNonce	de koarddûnsers dy't in sloopbedriuwke hat beieren	de koarddûnsers dy't in sloopbedriuwke hawwe beieren
withinobjrel_inanim	wobj_sgNonce	de koarddûnsers dy't in sloopbedriuwke hat eftersitte	de koarddûnsers dy't in sloopbedriuwke hawwe eftersitte
withinobjrel_inanim	wobj_sgNonce	de koarddûnsers dy't in sloopbedriuwke hat rikke	de koarddûnsers dy't in sloopbedriuwke hawwe rikke
withinobjrel_inanim	wobj_sgNonce	de koarddûnsers dy't in sloopbedriuwke hat sensurearen	de koarddûnsers dy't in sloopbedriuwke hawwe sensurearen
withinobjrel_inanim	wobj_sgNonce	de koarddûnsers dy't in strontkroade hat beieren	de koarddûnsers dy't in strontkroade hawwe beieren
withinobjrel_inanim	wobj_sgNonce	de koarddûnsers dy't in strontkroade hat eftersitte	de koarddûnsers dy't in strontkroade hawwe eftersitte
withinobjrel_inanim	wobj_sgNonce	de koarddûnsers dy't in strontkroade hat rikke	de koarddûnsers dy't in strontkroade hawwe rikke
withinobjrel_inanim	wobj_sgNonce	de koarddûnsers dy't in strontkroade hat sensurearen	de koarddûnsers dy't in strontkroade hawwe sensurearen
withinobjrel_inanim	wobj_sgNonce	de tichelwurken dy't in mearke-eftichste hat beieren	de tichelwurken dy't in mearke-eftichste hawwe beieren
withinobjrel_inanim	wobj_sgNonce	de tichelwurken dy't in mearke-eftichste hat eftersitte	de tichelwurken dy't in mearke-eftichste hawwe eftersitte
withinobjrel_inanim	wobj_sgNonce	de tichelwurken dy't in mearke-eftichste hat rikke	de tichelwurken dy't in mearke-eftichste hawwe rikke
withinobjrel_inanim	wobj_sgNonce	de tichelwurken dy't in mearke-eftichste hat sensurearen	de tichelwurken dy't in mearke-eftichste hawwe sensurearen
withinobjrel_inanim	wobj_sgNonce	de tichelwurken dy't in skipsongelok hat beieren	de tichelwurken dy't in skipsongelok hawwe beieren
withinobjrel_inanim	wobj_sgNonce	de tichelwurken dy't in skipsongelok hat eftersitte	de tichelwurken dy't in skipsongelok hawwe eftersitte
withinobjrel_inanim	wobj_sgNonce	de tichelwurken dy't in skipsongelok hat rikke	de tichelwurken dy't in skipsongelok hawwe rikke
withinobjrel_inanim	wobj_sgNonce	de tichelwurken dy't in skipsongelok hat sensurearen	de tichelwurken dy't in skipsongelok hawwe sensurearen
withinobjrel_inanim	wobj_sgNonce	de tichelwurken dy't in sloopbedriuwke hat beieren	de tichelwurken dy't in sloopbedriuwke hawwe beieren
withinobjrel_inanim	wobj_sgNonce	de tichelwurken dy't in sloopbedriuwke hat eftersitte	de tichelwurken dy't in sloopbedriuwke hawwe eftersitte
withinobjrel_inanim	wobj_sgNonce	de tichelwurken dy't in sloopbedriuwke hat rikke	de tichelwurken dy't in sloopbedriuwke hawwe rikke
withinobjrel_inanim	wobj_sgNonce	de tichelwurken dy't in sloopbedriuwke hat sensurearen	de tichelwurken dy't in sloopbedriuwke hawwe sensurearen
withinobjrel_inanim	wobj_sgNonce	de tichelwurken dy't in strontkroade hat beieren	de tichelwurken dy't in strontkroade hawwe beieren
withinobjrel_inanim	wobj_sgNonce	de tichelwurken dy't in strontkroade hat eftersitte	de tichelwurken dy't in strontkroade hawwe eftersitte
withinobjrel_inanim	wobj_sgNonce	de tichelwurken dy't in strontkroade hat rikke	de tichelwurken dy't in strontkroade hawwe rikke
withinobjrel_inanim	wobj_sgNonce	de tichelwurken dy't in strontkroade hat sensurearen	de tichelwurken dy't in strontkroade hawwe sensurearen
withinobjrel_inanim	wobj_sgNonce	de timers dy't in mearke-eftichste hat beieren	de timers dy't in mearke-eftichste hawwe beieren
withinobjrel_inanim	wobj_sgNonce	de timers dy't in mearke-eftichste hat eftersitte	de timers dy't in mearke-eftichste hawwe eftersitte
withinobjrel_inanim	wobj_sgNonce	de timers dy't in mearke-eftichste hat rikke	de timers dy't in mearke-eftichste hawwe rikke
withinobjrel_inanim	wobj_sgNonce	de timers dy't in mearke-eftichste hat sensurearen	de timers dy't in mearke-eftichste hawwe sensurearen
withinobjrel_inanim	wobj_sgNonce	de timers dy't in skipsongelok hat beieren	de timers dy't in skipsongelok hawwe beieren
withinobjrel_inanim	wobj_sgNonce	de timers dy't in skipsongelok hat eftersitte	de timers dy't in skipsongelok hawwe eftersitte
withinobjrel_inanim	wobj_sgNonce	de timers dy't in skipsongelok hat rikke	de timers dy't in skipsongelok hawwe rikke
withinobjrel_inanim	wobj_sgNonce	de timers dy't in skipsongelok hat sensurearen	de timers dy't in skipsongelok hawwe sensurearen
withinobjrel_inanim	wobj_sgNonce	de timers dy't in sloopbedriuwke hat beieren	de timers dy't in sloopbedriuwke hawwe beieren
withinobjrel_inanim	wobj_sgNonce	de timers dy't in sloopbedriuwke hat eftersitte	de timers dy't in sloopbedriuwke hawwe eftersitte
withinobjrel_inanim	wobj_sgNonce	de timers dy't in sloopbedriuwke hat rikke	de timers dy't in sloopbedriuwke hawwe rikke
withinobjrel_inanim	wobj_sgNonce	de timers dy't in sloopbedriuwke hat sensurearen	de timers dy't in sloopbedriuwke hawwe sensurearen
withinobjrel_inanim	wobj_sgNonce	de timers dy't in strontkroade hat beieren	de timers dy't in strontkroade hawwe beieren
withinobjrel_inanim	wobj_sgNonce	de timers dy't in strontkroade hat eftersitte	de timers dy't in strontkroade hawwe eftersitte
withinobjrel_inanim	wobj_sgNonce	de timers dy't in strontkroade hat rikke	de timers dy't in strontkroade hawwe rikke
withinobjrel_inanim	wobj_sgNonce	de timers dy't in strontkroade hat sensurearen	de timers dy't in strontkroade hawwe sensurearen
withinobjrel_inanim	wobj_sg2	it hûs dat in pake hat is goed	it hûs dat in pake hawwe is goed
withinobjrel_inanim	wobj_sg2	it hûs dat in pake hat is min	it hûs dat in pake hawwe is min
withinobjrel_inanim	wobj_sg2	it hûs dat in pake hat is nij	it hûs dat in pake hawwe is nij
withinobjrel_inanim	wobj_sg2	it hûs dat in pake hat is populêr	it hûs dat in pake hawwe is populêr
withinobjrel_inanim	wobj_sg2	it hûs dat in boargemaster hat is goed	it hûs dat in boargemaster hawwe is goed
withinobjrel_inanim	wobj_sg2	it hûs dat in boargemaster hat is min	it hûs dat in boargemaster hawwe is min
withinobjrel_inanim	wobj_sg2	it hûs dat in boargemaster hat is nij	it hûs dat in boargemaster hawwe is nij
withinobjrel_inanim	wobj_sg2	it hûs dat in boargemaster hat is populêr	it hûs dat in boargemaster hawwe is populêr
withinobjrel_inanim	wobj_sg2	it hûs dat in direkteur hat is goed	it hûs dat in direkteur hawwe is goed
withinobjrel_inanim	wobj_sg2	it hûs dat in direkteur hat is min	it hûs dat in direkteur hawwe is min
withinobjrel_inanim	wobj_sg2	it hûs dat in direkteur hat is nij	it hûs dat in direkteur hawwe is nij
withinobjrel_inanim	wobj_sg2	it hûs dat in direkteur hat is populêr	it hûs dat in direkteur hawwe is populêr
withinobjrel_inanim	wobj_sg2	it hûs dat in prinses hat is goed	it hûs dat in prinses hawwe is goed
withinobjrel_inanim	wobj_sg2	it hûs dat in prinses hat is min	it hûs dat in prinses hawwe is min
withinobjrel_inanim	wobj_sg2	it hûs dat in prinses hat is nij	it hûs dat in prinses hawwe is nij
withinobjrel_inanim	wobj_sg2	it hûs dat in prinses hat is populêr	it hûs dat in prinses hawwe is populêr
withinobjrel_inanim	wobj_sg2	it hûs dat in foarsitter hat is goed	it hûs dat in foarsitter hawwe is goed
withinobjrel_inanim	wobj_sg2	it hûs dat in foarsitter hat is min	it hûs dat in foarsitter hawwe is min
withinobjrel_inanim	wobj_sg2	it hûs dat in foarsitter hat is nij	it hûs dat in foarsitter hawwe is nij
withinobjrel_inanim	wobj_sg2	it hûs dat in foarsitter hat is populêr	it hûs dat in foarsitter hawwe is populêr
withinobjrel_inanim	wobj_sg2	it hûs dat in prins hat is goed	it hûs dat in prins hawwe is goed
withinobjrel_inanim	wobj_sg2	it hûs dat in prins hat is min	it hûs dat in prins hawwe is min
withinobjrel_inanim	wobj_sg2	it hûs dat in prins hat is nij	it hûs dat in prins hawwe is nij
withinobjrel_inanim	wobj_sg2	it hûs dat in prins hat is populêr	it hûs dat in prins hawwe is populêr
withinobjrel_inanim	wobj_sg2	de auto dat in pake hat is goed	de auto dat in pake hawwe is goed
withinobjrel_inanim	wobj_sg2	de auto dat in pake hat is min	de auto dat in pake hawwe is min
withinobjrel_inanim	wobj_sg2	de auto dat in pake hat is nij	de auto dat in pake hawwe is nij
withinobjrel_inanim	wobj_sg2	de auto dat in pake hat is populêr	de auto dat in pake hawwe is populêr
withinobjrel_inanim	wobj_sg2	de auto dat in boargemaster hat is goed	de auto dat in boargemaster hawwe is goed
withinobjrel_inanim	wobj_sg2	de auto dat in boargemaster hat is min	de auto dat in boargemaster hawwe is min
withinobjrel_inanim	wobj_sg2	de auto dat in boargemaster hat is nij	de auto dat in boargemaster hawwe is nij
withinobjrel_inanim	wobj_sg2	de auto dat in boargemaster hat is populêr	de auto dat in boargemaster hawwe is populêr
withinobjrel_inanim	wobj_sg2	de auto dat in direkteur hat is goed	de auto dat in direkteur hawwe is goed
withinobjrel_inanim	wobj_sg2	de auto dat in direkteur hat is min	de auto dat in direkteur hawwe is min
withinobjrel_inanim	wobj_sg2	de auto dat in direkteur hat is nij	de auto dat in direkteur hawwe is nij
withinobjrel_inanim	wobj_sg2	de auto dat in direkteur hat is populêr	de auto dat in direkteur hawwe is populêr
withinobjrel_inanim	wobj_sg2	de auto dat in prinses hat is goed	de auto dat in prinses hawwe is goed
withinobjrel_inanim	wobj_sg2	de auto dat in prinses hat is min	de auto dat in prinses hawwe is min
withinobjrel_inanim	wobj_sg2	de auto dat in prinses hat is nij	de auto dat in prinses hawwe is nij
withinobjrel_inanim	wobj_sg2	de auto dat in prinses hat is populêr	de auto dat in prinses hawwe is populêr
withinobjrel_inanim	wobj_sg2	de auto dat in foarsitter hat is goed	de auto dat in foarsitter hawwe is goed
withinobjrel_inanim	wobj_sg2	de auto dat in foarsitter hat is min	de auto dat in foarsitter hawwe is min
withinobjrel_inanim	wobj_sg2	de auto dat in foarsitter hat is nij	de auto dat in foarsitter hawwe is nij
withinobjrel_inanim	wobj_sg2	de auto dat in foarsitter hat is populêr	de auto dat in foarsitter hawwe is populêr
withinobjrel_inanim	wobj_sg2	de auto dat in prins hat is goed	de auto dat in prins hawwe is goed
withinobjrel_inanim	wobj_sg2	de auto dat in prins hat is min	de auto dat in prins hawwe is min
withinobjrel_inanim	wobj_sg2	de auto dat in prins hat is nij	de auto dat in prins hawwe is nij
withinobjrel_inanim	wobj_sg2	de auto dat in prins hat is populêr	de auto dat in prins hawwe is populêr
withinobjrel_inanim	wobj_sg2	it boek dat in pake hat is goed	it boek dat in pake hawwe is goed
withinobjrel_inanim	wobj_sg2	it boek dat in pake hat is min	it boek dat in pake hawwe is min
withinobjrel_inanim	wobj_sg2	it boek dat in pake hat is nij	it boek dat in pake hawwe is nij
withinobjrel_inanim	wobj_sg2	it boek dat in pake hat is populêr	it boek dat in pake hawwe is populêr
withinobjrel_inanim	wobj_sg2	it boek dat in boargemaster hat is goed	it boek dat in boargemaster hawwe is goed
withinobjrel_inanim	wobj_sg2	it boek dat in boargemaster hat is min	it boek dat in boargemaster hawwe is min
withinobjrel_inanim	wobj_sg2	it boek dat in boargemaster hat is nij	it boek dat in boargemaster hawwe is nij
withinobjrel_inanim	wobj_sg2	it boek dat in boargemaster hat is populêr	it boek dat in boargemaster hawwe is populêr
withinobjrel_inanim	wobj_sg2	it boek dat in direkteur hat is goed	it boek dat in direkteur hawwe is goed
withinobjrel_inanim	wobj_sg2	it boek dat in direkteur hat is min	it boek dat in direkteur hawwe is min
withinobjrel_inanim	wobj_sg2	it boek dat in direkteur hat is nij	it boek dat in direkteur hawwe is nij
withinobjrel_inanim	wobj_sg2	it boek dat in direkteur hat is populêr	it boek dat in direkteur hawwe is populêr
withinobjrel_inanim	wobj_sg2	it boek dat in prinses hat is goed	it boek dat in prinses hawwe is goed
withinobjrel_inanim	wobj_sg2	it boek dat in prinses hat is min	it boek dat in prinses hawwe is min
withinobjrel_inanim	wobj_sg2	it boek dat in prinses hat is nij	it boek dat in prinses hawwe is nij
withinobjrel_inanim	wobj_sg2	it boek dat in prinses hat is populêr	it boek dat in prinses hawwe is populêr
withinobjrel_inanim	wobj_sg2	it boek dat in foarsitter hat is goed	it boek dat in foarsitter hawwe is goed
withinobjrel_inanim	wobj_sg2	it boek dat in foarsitter hat is min	it boek dat in foarsitter hawwe is min
withinobjrel_inanim	wobj_sg2	it boek dat in foarsitter hat is nij	it boek dat in foarsitter hawwe is nij
withinobjrel_inanim	wobj_sg2	it boek dat in foarsitter hat is populêr	it boek dat in foarsitter hawwe is populêr
withinobjrel_inanim	wobj_sg2	it boek dat in prins hat is goed	it boek dat in prins hawwe is goed
withinobjrel_inanim	wobj_sg2	it boek dat in prins hat is min	it boek dat in prins hawwe is min
withinobjrel_inanim	wobj_sg2	it boek dat in prins hat is nij	it boek dat in prins hawwe is nij
withinobjrel_inanim	wobj_sg2	it boek dat in prins hat is populêr	it boek dat in prins hawwe is populêr
withinobjrel_inanim	wobj_sg2	de tafel dat in pake hat is goed	de tafel dat in pake hawwe is goed
withinobjrel_inanim	wobj_sg2	de tafel dat in pake hat is min	de tafel dat in pake hawwe is min
withinobjrel_inanim	wobj_sg2	de tafel dat in pake hat is nij	de tafel dat in pake hawwe is nij
withinobjrel_inanim	wobj_sg2	de tafel dat in pake hat is populêr	de tafel dat in pake hawwe is populêr
withinobjrel_inanim	wobj_sg2	de tafel dat in boargemaster hat is goed	de tafel dat in boargemaster hawwe is goed
withinobjrel_inanim	wobj_sg2	de tafel dat in boargemaster hat is min	de tafel dat in boargemaster hawwe is min
withinobjrel_inanim	wobj_sg2	de tafel dat in boargemaster hat is nij	de tafel dat in boargemaster hawwe is nij
withinobjrel_inanim	wobj_sg2	de tafel dat in boargemaster hat is populêr	de tafel dat in boargemaster hawwe is populêr
withinobjrel_inanim	wobj_sg2	de tafel dat in direkteur hat is goed	de tafel dat in direkteur hawwe is goed
withinobjrel_inanim	wobj_sg2	de tafel dat in direkteur hat is min	de tafel dat in direkteur hawwe is min
withinobjrel_inanim	wobj_sg2	de tafel dat in direkteur hat is nij	de tafel dat in direkteur hawwe is nij
withinobjrel_inanim	wobj_sg2	de tafel dat in direkteur hat is populêr	de tafel dat in direkteur hawwe is populêr
withinobjrel_inanim	wobj_sg2	de tafel dat in prinses hat is goed	de tafel dat in prinses hawwe is goed
withinobjrel_inanim	wobj_sg2	de tafel dat in prinses hat is min	de tafel dat in prinses hawwe is min
withinobjrel_inanim	wobj_sg2	de tafel dat in prinses hat is nij	de tafel dat in prinses hawwe is nij
withinobjrel_inanim	wobj_sg2	de tafel dat in prinses hat is populêr	de tafel dat in prinses hawwe is populêr
withinobjrel_inanim	wobj_sg2	de tafel dat in foarsitter hat is goed	de tafel dat in foarsitter hawwe is goed
withinobjrel_inanim	wobj_sg2	de tafel dat in foarsitter hat is min	de tafel dat in foarsitter hawwe is min
withinobjrel_inanim	wobj_sg2	de tafel dat in foarsitter hat is nij	de tafel dat in foarsitter hawwe is nij
withinobjrel_inanim	wobj_sg2	de tafel dat in foarsitter hat is populêr	de tafel dat in foarsitter hawwe is populêr
withinobjrel_inanim	wobj_sg2	de tafel dat in prins hat is goed	de tafel dat in prins hawwe is goed
withinobjrel_inanim	wobj_sg2	de tafel dat in prins hat is min	de tafel dat in prins hawwe is min
withinobjrel_inanim	wobj_sg2	de tafel dat in prins hat is nij	de tafel dat in prins hawwe is nij
withinobjrel_inanim	wobj_sg2	de tafel dat in prins hat is populêr	de tafel dat in prins hawwe is populêr
withinobjrel_inanim	wobj_sg2	it ding dat in pake hat is goed	it ding dat in pake hawwe is goed
withinobjrel_inanim	wobj_sg2	it ding dat in pake hat is min	it ding dat in pake hawwe is min
withinobjrel_inanim	wobj_sg2	it ding dat in pake hat is nij	it ding dat in pake hawwe is nij
withinobjrel_inanim	wobj_sg2	it ding dat in pake hat is populêr	it ding dat in pake hawwe is populêr
withinobjrel_inanim	wobj_sg2	it ding dat in boargemaster hat is goed	it ding dat in boargemaster hawwe is goed
withinobjrel_inanim	wobj_sg2	it ding dat in boargemaster hat is min	it ding dat in boargemaster hawwe is min
withinobjrel_inanim	wobj_sg2	it ding dat in boargemaster hat is nij	it ding dat in boargemaster hawwe is nij
withinobjrel_inanim	wobj_sg2	it ding dat in boargemaster hat is populêr	it ding dat in boargemaster hawwe is populêr
withinobjrel_inanim	wobj_sg2	it ding dat in direkteur hat is goed	it ding dat in direkteur hawwe is goed
withinobjrel_inanim	wobj_sg2	it ding dat in direkteur hat is min	it ding dat in direkteur hawwe is min
withinobjrel_inanim	wobj_sg2	it ding dat in direkteur hat is nij	it ding dat in direkteur hawwe is nij
withinobjrel_inanim	wobj_sg2	it ding dat in direkteur hat is populêr	it ding dat in direkteur hawwe is populêr
withinobjrel_inanim	wobj_sg2	it ding dat in prinses hat is goed	it ding dat in prinses hawwe is goed
withinobjrel_inanim	wobj_sg2	it ding dat in prinses hat is min	it ding dat in prinses hawwe is min
withinobjrel_inanim	wobj_sg2	it ding dat in prinses hat is nij	it ding dat in prinses hawwe is nij
withinobjrel_inanim	wobj_sg2	it ding dat in prinses hat is populêr	it ding dat in prinses hawwe is populêr
withinobjrel_inanim	wobj_sg2	it ding dat in foarsitter hat is goed	it ding dat in foarsitter hawwe is goed
withinobjrel_inanim	wobj_sg2	it ding dat in foarsitter hat is min	it ding dat in foarsitter hawwe is min
withinobjrel_inanim	wobj_sg2	it ding dat in foarsitter hat is nij	it ding dat in foarsitter hawwe is nij
withinobjrel_inanim	wobj_sg2	it ding dat in foarsitter hat is populêr	it ding dat in foarsitter hawwe is populêr
withinobjrel_inanim	wobj_sg2	it ding dat in prins hat is goed	it ding dat in prins hawwe is goed
withinobjrel_inanim	wobj_sg2	it ding dat in prins hat is min	it ding dat in prins hawwe is min
withinobjrel_inanim	wobj_sg2	it ding dat in prins hat is nij	it ding dat in prins hawwe is nij
withinobjrel_inanim	wobj_sg2	it ding dat in prins hat is populêr	it ding dat in prins hawwe is populêr
withinobjrel_inanim	wobj_pl2	de huzen dy't de pakes hawwe benne goed	de huzen dy't de pakes hat benne goed
withinobjrel_inanim	wobj_pl2	de huzen dy't de pakes hawwe benne min	de huzen dy't de pakes hat benne min
withinobjrel_inanim	wobj_pl2	de huzen dy't de pakes hawwe benne nij	de huzen dy't de pakes hat benne nij
withinobjrel_inanim	wobj_pl2	de huzen dy't de pakes hawwe benne populêr	de huzen dy't de pakes hat benne populêr
withinobjrel_inanim	wobj_pl2	de huzen dy't de boargemasters hawwe benne goed	de huzen dy't de boargemasters hat benne goed
withinobjrel_inanim	wobj_pl2	de huzen dy't de boargemasters hawwe benne min	de huzen dy't de boargemasters hat benne min
withinobjrel_inanim	wobj_pl2	de huzen dy't de boargemasters hawwe benne nij	de huzen dy't de boargemasters hat benne nij
withinobjrel_inanim	wobj_pl2	de huzen dy't de boargemasters hawwe benne populêr	de huzen dy't de boargemasters hat benne populêr
withinobjrel_inanim	wobj_pl2	de huzen dy't de direkteuren hawwe benne goed	de huzen dy't de direkteuren hat benne goed
withinobjrel_inanim	wobj_pl2	de huzen dy't de direkteuren hawwe benne min	de huzen dy't de direkteuren hat benne min
withinobjrel_inanim	wobj_pl2	de huzen dy't de direkteuren hawwe benne nij	de huzen dy't de direkteuren hat benne nij
withinobjrel_inanim	wobj_pl2	de huzen dy't de direkteuren hawwe benne populêr	de huzen dy't de direkteuren hat benne populêr
withinobjrel_inanim	wobj_pl2	de huzen dy't de prinsessen hawwe benne goed	de huzen dy't de prinsessen hat benne goed
withinobjrel_inanim	wobj_pl2	de huzen dy't de prinsessen hawwe benne min	de huzen dy't de prinsessen hat benne min
withinobjrel_inanim	wobj_pl2	de huzen dy't de prinsessen hawwe benne nij	de huzen dy't de prinsessen hat benne nij
withinobjrel_inanim	wobj_pl2	de huzen dy't de prinsessen hawwe benne populêr	de huzen dy't de prinsessen hat benne populêr
withinobjrel_inanim	wobj_pl2	de huzen dy't de foarsitters hawwe benne goed	de huzen dy't de foarsitters hat benne goed
withinobjrel_inanim	wobj_pl2	de huzen dy't de foarsitters hawwe benne min	de huzen dy't de foarsitters hat benne min
withinobjrel_inanim	wobj_pl2	de huzen dy't de foarsitters hawwe benne nij	de huzen dy't de foarsitters hat benne nij
withinobjrel_inanim	wobj_pl2	de huzen dy't de foarsitters hawwe benne populêr	de huzen dy't de foarsitters hat benne populêr
withinobjrel_inanim	wobj_pl2	de huzen dy't de prinsen hawwe benne goed	de huzen dy't de prinsen hat benne goed
withinobjrel_inanim	wobj_pl2	de huzen dy't de prinsen hawwe benne min	de huzen dy't de prinsen hat benne min
withinobjrel_inanim	wobj_pl2	de huzen dy't de prinsen hawwe benne nij	de huzen dy't de prinsen hat benne nij
withinobjrel_inanim	wobj_pl2	de huzen dy't de prinsen hawwe benne populêr	de huzen dy't de prinsen hat benne populêr
withinobjrel_inanim	wobj_pl2	de auto's dy't de pakes hawwe benne goed	de auto's dy't de pakes hat benne goed
withinobjrel_inanim	wobj_pl2	de auto's dy't de pakes hawwe benne min	de auto's dy't de pakes hat benne min
withinobjrel_inanim	wobj_pl2	de auto's dy't de pakes hawwe benne nij	de auto's dy't de pakes hat benne nij
withinobjrel_inanim	wobj_pl2	de auto's dy't de pakes hawwe benne populêr	de auto's dy't de pakes hat benne populêr
withinobjrel_inanim	wobj_pl2	de auto's dy't de boargemasters hawwe benne goed	de auto's dy't de boargemasters hat benne goed
withinobjrel_inanim	wobj_pl2	de auto's dy't de boargemasters hawwe benne min	de auto's dy't de boargemasters hat benne min
withinobjrel_inanim	wobj_pl2	de auto's dy't de boargemasters hawwe benne nij	de auto's dy't de boargemasters hat benne nij
withinobjrel_inanim	wobj_pl2	de auto's dy't de boargemasters hawwe benne populêr	de auto's dy't de boargemasters hat benne populêr
withinobjrel_inanim	wobj_pl2	de auto's dy't de direkteuren hawwe benne goed	de auto's dy't de direkteuren hat benne goed
withinobjrel_inanim	wobj_pl2	de auto's dy't de direkteuren hawwe benne min	de auto's dy't de direkteuren hat benne min
withinobjrel_inanim	wobj_pl2	de auto's dy't de direkteuren hawwe benne nij	de auto's dy't de direkteuren hat benne nij
withinobjrel_inanim	wobj_pl2	de auto's dy't de direkteuren hawwe benne populêr	de auto's dy't de direkteuren hat benne populêr
withinobjrel_inanim	wobj_pl2	de auto's dy't de prinsessen hawwe benne goed	de auto's dy't de prinsessen hat benne goed
withinobjrel_inanim	wobj_pl2	de auto's dy't de prinsessen hawwe benne min	de auto's dy't de prinsessen hat benne min
withinobjrel_inanim	wobj_pl2	de auto's dy't de prinsessen hawwe benne nij	de auto's dy't de prinsessen hat benne nij
withinobjrel_inanim	wobj_pl2	de auto's dy't de prinsessen hawwe benne populêr	de auto's dy't de prinsessen hat benne populêr
withinobjrel_inanim	wobj_pl2	de auto's dy't de foarsitters hawwe benne goed	de auto's dy't de foarsitters hat benne goed
withinobjrel_inanim	wobj_pl2	de auto's dy't de foarsitters hawwe benne min	de auto's dy't de foarsitters hat benne min
withinobjrel_inanim	wobj_pl2	de auto's dy't de foarsitters hawwe benne nij	de auto's dy't de foarsitters hat benne nij
withinobjrel_inanim	wobj_pl2	de auto's dy't de foarsitters hawwe benne populêr	de auto's dy't de foarsitters hat benne populêr
withinobjrel_inanim	wobj_pl2	de auto's dy't de prinsen hawwe benne goed	de auto's dy't de prinsen hat benne goed
withinobjrel_inanim	wobj_pl2	de auto's dy't de prinsen hawwe benne min	de auto's dy't de prinsen hat benne min
withinobjrel_inanim	wobj_pl2	de auto's dy't de prinsen hawwe benne nij	de auto's dy't de prinsen hat benne nij
withinobjrel_inanim	wobj_pl2	de auto's dy't de prinsen hawwe benne populêr	de auto's dy't de prinsen hat benne populêr
withinobjrel_inanim	wobj_pl2	de boeken dy't de pakes hawwe benne goed	de boeken dy't de pakes hat benne goed
withinobjrel_inanim	wobj_pl2	de boeken dy't de pakes hawwe benne min	de boeken dy't de pakes hat benne min
withinobjrel_inanim	wobj_pl2	de boeken dy't de pakes hawwe benne nij	de boeken dy't de pakes hat benne nij
withinobjrel_inanim	wobj_pl2	de boeken dy't de pakes hawwe benne populêr	de boeken dy't de pakes hat benne populêr
withinobjrel_inanim	wobj_pl2	de boeken dy't de boargemasters hawwe benne goed	de boeken dy't de boargemasters hat benne goed
withinobjrel_inanim	wobj_pl2	de boeken dy't de boargemasters hawwe benne min	de boeken dy't de boargemasters hat benne min
withinobjrel_inanim	wobj_pl2	de boeken dy't de boargemasters hawwe benne nij	de boeken dy't de boargemasters hat benne nij
withinobjrel_inanim	wobj_pl2	de boeken dy't de boargemasters hawwe benne populêr	de boeken dy't de boargemasters hat benne populêr
withinobjrel_inanim	wobj_pl2	de boeken dy't de direkteuren hawwe benne goed	de boeken dy't de direkteuren hat benne goed
withinobjrel_inanim	wobj_pl2	de boeken dy't de direkteuren hawwe benne min	de boeken dy't de direkteuren hat benne min
withinobjrel_inanim	wobj_pl2	de boeken dy't de direkteuren hawwe benne nij	de boeken dy't de direkteuren hat benne nij
withinobjrel_inanim	wobj_pl2	de boeken dy't de direkteuren hawwe benne populêr	de boeken dy't de direkteuren hat benne populêr
withinobjrel_inanim	wobj_pl2	de boeken dy't de prinsessen hawwe benne goed	de boeken dy't de prinsessen hat benne goed
withinobjrel_inanim	wobj_pl2	de boeken dy't de prinsessen hawwe benne min	de boeken dy't de prinsessen hat benne min
withinobjrel_inanim	wobj_pl2	de boeken dy't de prinsessen hawwe benne nij	de boeken dy't de prinsessen hat benne nij
withinobjrel_inanim	wobj_pl2	de boeken dy't de prinsessen hawwe benne populêr	de boeken dy't de prinsessen hat benne populêr
withinobjrel_inanim	wobj_pl2	de boeken dy't de foarsitters hawwe benne goed	de boeken dy't de foarsitters hat benne goed
withinobjrel_inanim	wobj_pl2	de boeken dy't de foarsitters hawwe benne min	de boeken dy't de foarsitters hat benne min
withinobjrel_inanim	wobj_pl2	de boeken dy't de foarsitters hawwe benne nij	de boeken dy't de foarsitters hat benne nij
withinobjrel_inanim	wobj_pl2	de boeken dy't de foarsitters hawwe benne populêr	de boeken dy't de foarsitters hat benne populêr
withinobjrel_inanim	wobj_pl2	de boeken dy't de prinsen hawwe benne goed	de boeken dy't de prinsen hat benne goed
withinobjrel_inanim	wobj_pl2	de boeken dy't de prinsen hawwe benne min	de boeken dy't de prinsen hat benne min
withinobjrel_inanim	wobj_pl2	de boeken dy't de prinsen hawwe benne nij	de boeken dy't de prinsen hat benne nij
withinobjrel_inanim	wobj_pl2	de boeken dy't de prinsen hawwe benne populêr	de boeken dy't de prinsen hat benne populêr
withinobjrel_inanim	wobj_pl2	de tafels dy't de pakes hawwe benne goed	de tafels dy't de pakes hat benne goed
withinobjrel_inanim	wobj_pl2	de tafels dy't de pakes hawwe benne min	de tafels dy't de pakes hat benne min
withinobjrel_inanim	wobj_pl2	de tafels dy't de pakes hawwe benne nij	de tafels dy't de pakes hat benne nij
withinobjrel_inanim	wobj_pl2	de tafels dy't de pakes hawwe benne populêr	de tafels dy't de pakes hat benne populêr
withinobjrel_inanim	wobj_pl2	de tafels dy't de boargemasters hawwe benne goed	de tafels dy't de boargemasters hat benne goed
withinobjrel_inanim	wobj_pl2	de tafels dy't de boargemasters hawwe benne min	de tafels dy't de boargemasters hat benne min
withinobjrel_inanim	wobj_pl2	de tafels dy't de boargemasters hawwe benne nij	de tafels dy't de boargemasters hat benne nij
withinobjrel_inanim	wobj_pl2	de tafels dy't de boargemasters hawwe benne populêr	de tafels dy't de boargemasters hat benne populêr
withinobjrel_inanim	wobj_pl2	de tafels dy't de direkteuren hawwe benne goed	de tafels dy't de direkteuren hat benne goed
withinobjrel_inanim	wobj_pl2	de tafels dy't de direkteuren hawwe benne min	de tafels dy't de direkteuren hat benne min
withinobjrel_inanim	wobj_pl2	de tafels dy't de direkteuren hawwe benne nij	de tafels dy't de direkteuren hat benne nij
withinobjrel_inanim	wobj_pl2	de tafels dy't de direkteuren hawwe benne populêr	de tafels dy't de direkteuren hat benne populêr
withinobjrel_inanim	wobj_pl2	de tafels dy't de prinsessen hawwe benne goed	de tafels dy't de prinsessen hat benne goed
withinobjrel_inanim	wobj_pl2	de tafels dy't de prinsessen hawwe benne min	de tafels dy't de prinsessen hat benne min
withinobjrel_inanim	wobj_pl2	de tafels dy't de prinsessen hawwe benne nij	de tafels dy't de prinsessen hat benne nij
withinobjrel_inanim	wobj_pl2	de tafels dy't de prinsessen hawwe benne populêr	de tafels dy't de prinsessen hat benne populêr
withinobjrel_inanim	wobj_pl2	de tafels dy't de foarsitters hawwe benne goed	de tafels dy't de foarsitters hat benne goed
withinobjrel_inanim	wobj_pl2	de tafels dy't de foarsitters hawwe benne min	de tafels dy't de foarsitters hat benne min
withinobjrel_inanim	wobj_pl2	de tafels dy't de foarsitters hawwe benne nij	de tafels dy't de foarsitters hat benne nij
withinobjrel_inanim	wobj_pl2	de tafels dy't de foarsitters hawwe benne populêr	de tafels dy't de foarsitters hat benne populêr
withinobjrel_inanim	wobj_pl2	de tafels dy't de prinsen hawwe benne goed	de tafels dy't de prinsen hat benne goed
withinobjrel_inanim	wobj_pl2	de tafels dy't de prinsen hawwe benne min	de tafels dy't de prinsen hat benne min
withinobjrel_inanim	wobj_pl2	de tafels dy't de prinsen hawwe benne nij	de tafels dy't de prinsen hat benne nij
withinobjrel_inanim	wobj_pl2	de tafels dy't de prinsen hawwe benne populêr	de tafels dy't de prinsen hat benne populêr
withinobjrel_inanim	wobj_pl2	de dingen dy't de pakes hawwe benne goed	de dingen dy't de pakes hat benne goed
withinobjrel_inanim	wobj_pl2	de dingen dy't de pakes hawwe benne min	de dingen dy't de pakes hat benne min
withinobjrel_inanim	wobj_pl2	de dingen dy't de pakes hawwe benne nij	de dingen dy't de pakes hat benne nij
withinobjrel_inanim	wobj_pl2	de dingen dy't de pakes hawwe benne populêr	de dingen dy't de pakes hat benne populêr
withinobjrel_inanim	wobj_pl2	de dingen dy't de boargemasters hawwe benne goed	de dingen dy't de boargemasters hat benne goed
withinobjrel_inanim	wobj_pl2	de dingen dy't de boargemasters hawwe benne min	de dingen dy't de boargemasters hat benne min
withinobjrel_inanim	wobj_pl2	de dingen dy't de boargemasters hawwe benne nij	de dingen dy't de boargemasters hat benne nij
withinobjrel_inanim	wobj_pl2	de dingen dy't de boargemasters hawwe benne populêr	de dingen dy't de boargemasters hat benne populêr
withinobjrel_inanim	wobj_pl2	de dingen dy't de direkteuren hawwe benne goed	de dingen dy't de direkteuren hat benne goed
withinobjrel_inanim	wobj_pl2	de dingen dy't de direkteuren hawwe benne min	de dingen dy't de direkteuren hat benne min
withinobjrel_inanim	wobj_pl2	de dingen dy't de direkteuren hawwe benne nij	de dingen dy't de direkteuren hat benne nij
withinobjrel_inanim	wobj_pl2	de dingen dy't de direkteuren hawwe benne populêr	de dingen dy't de direkteuren hat benne populêr
withinobjrel_inanim	wobj_pl2	de dingen dy't de prinsessen hawwe benne goed	de dingen dy't de prinsessen hat benne goed
withinobjrel_inanim	wobj_pl2	de dingen dy't de prinsessen hawwe benne min	de dingen dy't de prinsessen hat benne min
withinobjrel_inanim	wobj_pl2	de dingen dy't de prinsessen hawwe benne nij	de dingen dy't de prinsessen hat benne nij
withinobjrel_inanim	wobj_pl2	de dingen dy't de prinsessen hawwe benne populêr	de dingen dy't de prinsessen hat benne populêr
withinobjrel_inanim	wobj_pl2	de dingen dy't de foarsitters hawwe benne goed	de dingen dy't de foarsitters hat benne goed
withinobjrel_inanim	wobj_pl2	de dingen dy't de foarsitters hawwe benne min	de dingen dy't de foarsitters hat benne min
withinobjrel_inanim	wobj_pl2	de dingen dy't de foarsitters hawwe benne nij	de dingen dy't de foarsitters hat benne nij
withinobjrel_inanim	wobj_pl2	de dingen dy't de foarsitters hawwe benne populêr	de dingen dy't de foarsitters hat benne populêr
withinobjrel_inanim	wobj_pl2	de dingen dy't de prinsen hawwe benne goed	de dingen dy't de prinsen hat benne goed
withinobjrel_inanim	wobj_pl2	de dingen dy't de prinsen hawwe benne min	de dingen dy't de prinsen hat benne min
withinobjrel_inanim	wobj_pl2	de dingen dy't de prinsen hawwe benne nij	de dingen dy't de prinsen hat benne nij
withinobjrel_inanim	wobj_pl2	de dingen dy't de prinsen hawwe benne populêr	de dingen dy't de prinsen hat benne populêr
